TEAM,GP,PTS,FGM,FGA,FG%,3:00 PM,3PA,3P%,FTM,FTA,FT%,OR,DR,REB,AST,STL,BLK,TO,PF
Gonzaga Bulldogs,25,86.2,32.4,62.4,52,7.7,20.1,38.2,13.7,19.7,69.4,10.3,26.7,37,16.1,7.9,3.1,11.3,17.1
Oral Roberts Golden Eagles,26,85.6,31.2,64.1,48.7,11.2,29.5,38,12,15.8,76,9,28.4,37.4,15.3,6.7,5.5,9.9,13.5
Toledo Rockets,24,84.9,30.3,62,48.8,8.6,22.3,38.6,15.8,21,75.1,10.5,24.5,35,15.3,6.9,2.9,10,16.4
Cornell Big Red,22,84.8,30.6,63.3,48.4,11.4,31,36.7,12.1,16.6,73.2,10.6,24,34.6,18.8,9.7,2.4,12,15.9
Southern Utah Thunderbirds,25,84.3,29.3,61.3,47.8,8.2,23.6,34.6,17.5,24.4,71.8,10.8,28.2,39,13.4,7.6,3.4,13.7,18.4
Alabama Crimson Tide,24,83.7,27.9,62.8,44.4,10.5,29.9,35.3,17.3,23.9,72.6,13,31.9,44.9,15.1,6.2,5.1,14.1,18.7
Youngstown State Penguins,26,83.5,30.5,61.6,49.5,8.3,21.6,38.5,14.2,18.2,78.2,10.3,25.4,35.7,15.5,7.3,2.9,11.5,15.7
Arizona Wildcats,25,83.4,29.4,60,48.9,8.4,23.1,36.6,16.2,22.4,72.3,11.4,29.8,41.2,19.6,6.5,3.7,13.8,16.9
Xavier Musketeers,25,83.2,30.8,61.6,50,7.6,18.8,40.1,13.9,19.4,71.8,10.3,27.2,37.5,20.6,7,3.6,13,16.1
Furman Paladins,26,82.4,29.5,60.6,48.6,9.9,28.3,35,13.6,18,75.5,10,25.7,35.7,18,7.1,3.2,11.7,16.9
Tulane Green Wave,23,82.2,28.4,60.5,46.9,7.6,22.8,33.4,17.8,22.3,79.9,6.6,26.8,33.4,15.9,9.2,3.9,11.2,16
Bryant Bulldogs,24,82,28.7,61.2,46.9,8.7,24.3,35.7,16,21,76.2,10.5,29,39.5,14.3,7.3,3.5,13.6,17.1
Missouri Tigers,24,82,29.1,60.5,48,9.4,26.1,35.9,14.4,19,75.7,9.5,21.8,31.3,17.1,10.6,2.9,11.6,18.5
Marshall Thundering Herd,26,81.9,31.6,68,46.5,8.4,25.1,33.4,10.3,15.6,65.8,13.3,26.7,40,18,9.2,5.4,11.6,16.3
UAB Blazers,25,81.8,28.6,63,45.4,6.9,19.5,35.5,17.8,24.2,73.3,13.9,27.5,41.4,15.2,8.2,4.3,13.2,17.6
James Madison Dukes,26,81.6,28.7,60.8,47.2,8,22.7,35.4,16.2,22.8,70.7,11.6,26,37.6,13.5,10,2.3,13.6,17.5
New Mexico Lobos,25,81.6,29.2,59.5,49,5.7,16.2,35.1,17.6,24,73.2,9.9,28,37.9,14,7,4.1,12,16.7
Wright State Raiders,27,81.4,32,63.6,50.3,5.8,16.6,35,11.6,15.7,73.4,9.7,27.9,37.5,15.3,6.4,2.7,13,15.5
Iowa Hawkeyes,24,81.1,28.5,62.4,45.8,8,22.8,34.9,16.1,21.5,74.8,11.6,25.1,36.7,16.5,6.6,3.8,10.3,14.5
Texas A&M-Corpus Christi Islanders,25,81,28.2,62.2,45.4,8.1,22.4,36.3,16.4,21.1,77.8,12.2,24.9,37.1,15.7,9.2,1.6,13.2,19.6
Memphis Tigers,24,81,29.5,61.6,47.8,5.8,17.3,33.2,16.3,22,74.2,10.9,25.8,36.7,16.5,9,4.8,13.4,19
Marquette Golden Eagles,25,80.9,30.1,60.5,49.8,8.8,25,35,11.9,16.7,71.2,8.7,22.8,31.6,17.6,9.5,3.6,11,16.1
UT Martin Skyhawks,26,80.8,28.7,62.9,45.5,8,24.3,32.9,15.5,21.7,71.4,10.9,28.7,39.6,14.2,8.2,3.5,12.1,18.4
Charleston Cougars,26,80.3,27.7,63.5,43.5,10,30.3,33,15,20.3,73.9,14.1,26.3,40.4,13.5,7.3,3.3,12.4,16.8
Louisiana Ragin' Cajuns,25,79.9,28.8,58.9,48.8,7.4,18.9,39,15,21.8,68.9,11.4,25.6,37,15.3,7.2,3.3,12.4,16.6
Queens University Royals,26,79.7,27.4,60.4,45.3,9.5,26.9,35.2,15.4,21.3,72.5,11.7,26.6,38.3,14.6,6.5,2.4,12.8,15.6
UConn Huskies,25,79.6,27.7,60.3,45.9,9.2,25.3,36.2,15.1,20.2,74.5,13.2,26,39.2,17.5,6.7,4.8,12.7,19
Utah State Aggies,25,79.6,27.2,56.4,48.3,10,24.3,41.4,15.1,20,75.6,8.7,26.7,35.4,17.2,4.8,3.6,12.1,16.6
Buffalo Bulls,25,79.6,29.1,62.7,46.5,7.2,21.5,33.6,14.1,20.4,69.4,11.9,26.3,38.2,15.6,8.2,3.2,14.8,18.8
Texas Longhorns,24,79.4,29,60.5,48,7,21.1,33,14.4,19.2,75,10.1,24.8,34.9,16.1,7.9,4,12.3,18.1
Baylor Bears,24,79,26.4,59,44.8,9.2,25.9,35.6,17,22.7,74.9,12.5,23.7,36.2,15.2,7.1,2.6,12,17.5
Indiana State Sycamores,26,78.8,28.2,58.9,47.9,9.6,27.9,34.5,12.8,17.2,74.3,7.3,27.1,34.5,15.9,6.9,1.9,12.2,17.1
Eastern Kentucky Colonels,26,78.7,29.2,66.3,44.1,9.2,26,35.2,11.2,16.9,66.1,13.3,26.2,39.5,15.8,8.4,4.7,12.2,16.4
Fairleigh Dickinson Knights,26,78.6,28.7,63.3,45.3,8.5,24.8,34.4,12.8,17,74.9,11.5,22.3,33.8,15.1,8.4,1.8,11.7,18.8
Milwaukee Panthers,25,78.6,27.8,60.1,46.2,8.3,23.1,36,14.8,20.2,73.2,11.8,27.3,39.1,14.4,7.2,5.8,15.1,18.2
Ohio Bobcats,25,78.6,28.7,62,46.2,8.6,23.3,37,12.6,17.2,72.9,12,25.8,37.8,13.1,6.2,2.2,11.5,18
Rice Owls,24,78.5,27.8,58,47.9,8.8,24.3,36.3,14.1,19.2,73.5,8.4,27.4,35.8,15.9,6.1,2.3,13.4,15.4
Miami Hurricanes,24,78.4,28.6,59.5,48.1,7.7,21.2,36.1,13.5,17.6,76.8,10.6,24.3,34.9,15.1,7.7,3.6,11.5,14.6
Providence Friars,24,78.4,27.7,59.2,46.8,6.3,18.3,34.6,16.7,22.5,74.1,12.3,27.3,39.6,14.9,6.9,4.8,12.5,15.2
NC State Wolfpack,25,78.4,28.5,63.8,44.7,8.4,23.9,34.9,13.1,18.1,72.2,11.6,25.8,37.5,13.4,8.2,4.9,9.8,17.6
San Diego Toreros,26,78,27.5,60.5,45.5,7.8,21.7,36.1,15.2,19.8,76.6,10.2,23.2,33.4,13.2,6.8,1.9,11.7,17.3
Pepperdine Waves,26,78,29,62.6,46.3,8.2,22.7,36.1,11.9,16.9,70.5,9.4,27.1,36.5,15.2,5.8,4.1,14.3,17.6
Samford Bulldogs,26,78,26,57.7,45.1,8.5,25.3,33.8,17.5,23.1,75.7,10.7,25.8,36.5,11.6,7.5,2.6,13,18.8
Wake Forest Demon Deacons,25,78,26.9,57.9,46.4,9.2,24.8,36.9,15,20.1,74.8,8.3,26.5,34.8,12.9,6.2,2.6,11.6,16.3
Houston Christian Huskies,25,77.9,26.8,58.6,45.8,8.1,22.4,36.2,16.1,22.1,72.9,10.7,23.6,34.4,14.5,5.9,2.7,15.8,18.2
North Carolina Tar Heels,24,77.9,26.9,60.9,44.1,6.6,21.6,30.5,17.6,23.8,73.8,11.1,28.7,39.8,12.3,5.8,3.9,11,17
UMass Lowell River Hawks,26,77.6,28.8,59.7,48.2,7,19,37,13,18.1,71.9,12.4,27.6,40,15,6.9,5.1,14.6,16.9
Tennessee State Tigers,26,77.5,26.8,59.8,44.8,8.9,25.2,35.3,15.1,21.5,70.2,10.2,26,36.2,13.5,5.7,3.3,12.7,19.5
Florida Atlantic Owls,25,77.5,27.7,59.5,46.6,9.6,26.4,36.4,12.5,17.5,71.2,10.7,28.2,38.9,14.9,6.8,2.4,11.7,15.9
West Virginia Mountaineers,24,77.5,26.2,57.1,45.9,7.3,20.5,35.4,17.8,24.5,72.7,10.9,23.3,34.2,13.4,6.4,3.2,12.5,19.2
UT Rio Grande Valley Vaqueros,25,77.4,26.3,56.2,46.8,6.8,19.4,34.9,18,25.8,70,10.4,27.2,37.6,15.2,4.9,3.5,16.9,19.5
Portland Pilots,27,77.4,25.3,55.6,45.6,9.3,25,37.2,17.4,23.9,72.9,8.3,25.1,33.4,15.5,5,2.3,13.1,17.7
Morgan State Bears,23,77.3,29,63.1,45.9,7.3,19.2,38,12.1,17.8,68.2,12.7,23.3,35.9,16.1,10.1,5,15.8,21.3
SE Louisiana Lions,25,77.3,27.3,60.6,45,8,22,36.2,14.8,20,74.1,10.2,23.9,34.1,13.8,7.5,1.8,12,17.2
Colgate Raiders,26,77.2,29.3,57.8,50.6,8.1,20.6,39.4,10.6,15.7,67.4,8.1,25.4,33.5,17.7,7.1,2.7,10.6,12.8
Cincinnati Bearcats,25,77.2,28.6,64.1,44.5,9.2,25.9,35.7,10.8,15.7,69.1,11.2,26.2,37.4,15.9,6.4,4.2,10.7,15.7
Indiana Hoosiers,24,77.1,29.1,58.6,49.7,6.3,16.6,38.2,12.5,17.8,70.7,9.8,27.2,37,15.9,5.8,5.5,12.1,17.3
Eastern Washington Eagles,25,77,27.7,56.1,49.3,8.6,24.2,35.4,13.1,17.2,76.1,9,27.3,36.3,15.4,5.5,3,13.8,17.9
Chattanooga Mocs,26,77,26.1,58.4,44.7,11.4,30.3,37.7,13.3,18.5,72.1,10.4,26.3,36.7,15.2,5.9,3.9,12,15.1
Southeast Missouri State Redhawks,25,77,26.8,60.8,44,8.5,25.4,33.3,15,21.4,69.8,9,24.9,33.9,14.4,7.2,3.3,13.7,21.4
Kansas State Wildcats,24,76.9,26.6,58.3,45.6,7.1,20.2,35.3,16.6,22.1,75.1,10.7,25.3,36,17.2,7.8,2.8,14,17.5
Long Beach State Beach,25,76.8,29.5,65.4,45.1,4.3,15.2,28.4,13.5,20.2,66.6,13.9,28.5,42.4,14.9,7.5,3.5,13.9,16.9
Bowling Green Falcons,24,76.8,27.5,60.4,45.6,7.5,21.3,35,14.3,19.3,74,10.4,25.9,36.3,14.2,5.9,3.1,12,17.4
Creighton Bluejays,24,76.8,27.9,59,47.3,8.7,24.5,35.4,12.3,16.5,74.2,8.7,28.9,37.6,16,5.3,4.6,11.5,12.8
Detroit Mercy Titans,26,76.6,26.8,61.6,43.5,10.3,26.5,39,12.7,16.8,75.9,12.7,23.5,36.2,12.6,6.1,1.7,11.7,16.2
St. John's Red Storm,25,76.6,29.6,65,45.5,5.9,17.6,33.6,11.6,17.3,66.9,12.7,26.6,39.3,15.2,8.6,3.6,13.4,16.3
Abilene Christian Wildcats,24,76.6,28,60,46.6,7.3,20.2,36,13.4,19,70.8,10.4,22.3,32.7,16.2,9.3,2.5,13.1,20.6
TCU Horned Frogs,24,76.6,28,60.8,46,5.1,17.9,28.7,15.5,21.6,71.6,11.5,24.7,36.2,16.2,8.8,4.9,12.2,15.9
George Washington Colonials,24,76.5,27,57.3,47,7.8,23.4,33.1,14.8,20.1,73.7,8.9,25.7,34.6,12.8,5.7,3.2,13,16.3
Stephen F. Austin Lumberjacks,24,76.5,27.4,57,48.1,6.5,16.5,39.4,15.1,20.8,72.7,10.5,23,33.5,15.5,9.5,2.4,15.5,21
Princeton Tigers,22,76.4,27.6,58.4,47.4,8.4,24.2,34.7,12.7,18.2,70,9.9,29.5,39.4,14,5.1,3.5,13.1,15.6
Southern Indiana Screaming Eagles,26,76.4,26.7,61,43.7,10.1,26.2,38.6,13,19.4,66.7,12.5,26.7,39.2,13.3,7.6,2.5,13.9,18.1
Norfolk State Spartans,23,76.3,27.3,56.9,47.9,7.4,21.2,35,14.3,19.3,74.5,10.7,24.7,35.4,14.1,6.6,3.6,12.5,17.5
Portland State Vikings,25,76.3,26.7,60.5,44.2,7.7,22.9,33.7,15.1,20.6,73.4,10,22.2,32.2,13.7,7.5,3,12.2,22.4
Utah Valley Wolverines,25,76.3,27.3,59.7,45.7,6.6,20.2,32.9,15,20.5,73.1,10.4,29.6,40,15.7,6.8,6.4,13.2,17.8
UC Irvine Anteaters,24,76.2,28.2,59.8,47.2,7.3,19.1,38.1,12.5,17.6,71.1,9.9,27.3,37.3,14.8,7.3,2.6,12.4,19.3
UNLV Rebels,24,76.1,26.3,59,44.5,8.2,23,35.7,15.4,21.7,71,10,23.6,33.6,13.5,9.5,3.8,12,16.7
Kansas Jayhawks,24,76.1,27.8,60,46.2,7.3,20.8,35.3,13.3,18.2,72.8,10.5,26.5,37,16.8,8.7,4.1,12.5,17
North Carolina Central Eagles,21,76,27.7,58,47.7,7.4,20.4,36.2,13.3,18.9,70.5,10.6,24.3,34.9,14.7,8,2.9,14.9,18.7
Idaho Vandals,25,75.9,26.9,55.2,48.7,7.4,20.8,35.5,14.8,19.6,75.5,7,23.8,30.8,12.6,5.1,1.8,11.6,17.1
Loyola Marymount Lions,26,75.9,27.2,59.1,46.1,9.4,25.3,37,12,18,66.9,10.3,26.3,36.5,12.3,5.4,3,12.9,19.2
Western Carolina Catamounts,26,75.9,26,60.3,43.1,9,26.6,34,14.8,20.7,71.6,10.2,26.8,37.1,13,6,2.7,10.8,17.3
Nicholls Colonels,23,75.7,28.6,62.4,45.8,7.7,22.7,34,10.8,17.1,63.2,11.3,23.2,34.5,14.3,9.2,3,13.5,21.3
Southern Miss Golden Eagles,26,75.7,27.7,59.5,46.4,6.9,21.2,32.4,13.5,18.9,71.5,11.8,25.5,37.3,15.1,8.8,2.7,11.5,16.6
Stetson Hatters,24,75.7,27.4,59.4,46.1,10.4,26.5,39.3,10.5,14,74.9,10.3,23.6,33.9,14.4,5.4,3.4,10.7,15.6
Drake Bulldogs,26,75.7,27.3,58.8,46.3,8,21.8,36.6,13.2,17,77.2,8.5,27.9,36.4,13.7,5.3,2.6,10.9,15
Santa Clara Broncos,26,75.7,27.2,61.2,44.4,8.2,22.8,35.9,13.2,18.5,71.5,11.3,27.5,38.8,13.6,6.2,3.6,12.9,15.3
Pacific Tigers,26,75.7,26.3,59.2,44.4,8.9,23.2,38.5,14.2,19.8,71.7,8.6,23.8,32.5,12.3,5.7,2.6,11.9,19.2
Sam Houston Bearkats,23,75.6,28,59.6,47.1,8.8,22.4,39.3,10.7,15.9,67.2,12.3,24.5,36.9,14.2,9,2.3,13.4,17.9
Houston Cougars,25,75.6,28.4,60,47.2,8,22.1,36.1,10.9,15.5,70.5,12.9,26,39,14.9,8,5,9.6,15.8
Iona Gaels,24,75.6,28.4,62.1,45.8,6.5,19.5,33.2,12.3,17,72.3,10.9,24.7,35.6,14.8,7.6,6.1,10.8,17.2
Ball State Cardinals,24,75.5,25.8,54.8,47.1,7.3,19.5,37.5,16.6,24.8,67.1,10.8,25.2,36,12.8,6.1,4.2,12.5,16.1
UNC Asheville Bulldogs,26,75.5,26.2,55.2,47.5,8.2,21,38.8,15,21.8,68.6,8.6,26.2,34.8,13,6.7,4.1,14.4,16.7
Utah Tech Trailblazers,25,75.5,25.2,55.3,45.5,8.8,22.8,38.7,16.4,23.8,68.9,10.1,24.4,34.5,13.1,7,2.2,15.3,19.4
BYU Cougars,27,75.4,26.9,59.4,45.2,8.2,24.5,33.5,13.4,19,70.8,11,27.1,38.1,15,7.9,4,14.9,18.9
UMBC Retrievers,26,75.3,27.6,60.4,45.7,8.6,24.3,35.3,11.5,15.5,73.8,9.5,25.1,34.5,14.8,5.6,2.4,10.4,14
Kennesaw State Owls,26,75.2,26.3,57.7,45.7,8.4,22.7,37.1,14.1,21.3,66.1,10,25.6,35.6,14.6,8.7,2.7,12.9,18.4
Illinois Fighting Illini,23,75.2,27,59.3,45.5,8.1,25.5,31.7,13.2,19.6,67.3,11.8,27,38.8,13.4,7,5.9,13.4,16.9
UC Davis Aggies,24,75.2,26,56.5,46.1,6.9,19.4,35.4,16.2,23.8,68.2,11.9,25,36.9,13,6.9,2.8,15.2,18.6
High Point Panthers,25,75.1,26.4,59.2,44.5,7.5,23.1,32.4,14.8,23.9,62.1,11.5,26.6,38.1,12.4,6.2,4.6,14.7,18.8
Lipscomb Bisons,26,75.1,28.2,59.2,47.6,7.8,22.5,34.6,11,14.9,73.7,9,27.5,36.5,13.7,5.3,2.9,12.6,14
San Francisco Dons,27,75.1,25.9,57.9,44.8,10,28.1,35.6,13.3,17.8,74.8,9.3,25.2,34.5,13,6.8,2.5,14.2,18.2
Kentucky Wildcats,24,75.1,27.9,60.7,45.9,6.8,18.5,36.6,12.5,18.2,69,13.3,25,38.3,15.8,6.7,4,11.5,15.4
Texas A&M Aggies,24,75.1,25.1,56.1,44.7,6.2,19.3,31.9,18.8,25.3,74.3,12.6,24.8,37.5,13.5,7.2,2.5,12.2,19
Ohio State Buckeyes,24,75,28,60.4,46.3,6.7,18.2,36.6,12.5,17.3,72.2,11.8,26.7,38.5,11.9,5.1,3.7,11,16.3
Duquesne Dukes,24,75,27.5,62.6,43.9,9,24.3,37.2,11,16,68.8,12.8,24,36.8,15.5,8,4.1,11.8,18.4
North Alabama Lions,26,75,27.6,58.7,47,7.4,19.7,37.5,12.4,18.1,68.7,9,25.7,34.7,11.8,6,3.2,11.3,16.7
Yale Bulldogs,22,75,28.3,59.2,47.8,7.6,21.5,35.3,10.8,15.9,67.9,10.6,28,38.5,15,6.3,4.1,11.5,16.7
Saint Louis Billikens,25,75,27.3,59.4,45.9,7,20.1,35,13.4,18.2,73.2,10.2,28.6,38.8,16.2,4.7,3.9,12,17.2
Kent State Golden Flashes,25,75,27,60.6,44.5,7.9,23.9,33.1,13.1,18.2,71.9,10.6,24.7,35.3,12.5,9.1,3.8,11.5,18.8
Arkansas Razorbacks,24,75,27.4,57.1,48,4.9,15.9,31,15.3,21.8,70.3,10.2,25.5,35.8,13.6,8.5,5.2,13.3,18.8
Northwestern State Demons,25,74.9,27.2,62.5,43.6,9.3,24.9,37.4,11.1,16.1,69.2,12.6,21.2,33.9,13.1,8.6,2.3,11.9,18.7
St. Thomas - Minnesota Tommies,27,74.9,25.7,56.4,45.5,9,24.9,36.2,14.5,18.4,78.8,8,22.9,31,13.1,5.9,2.3,10,17.1
Central Arkansas Bears,26,74.8,26.9,64.8,41.6,9,26.8,33.6,12,16,75,11.2,25.3,36.4,12.3,6.4,3.2,13.1,16.6
Eastern Michigan Eagles,24,74.8,26.8,59.8,44.7,6.8,20.5,33.2,14.5,19.1,76,8.6,22.8,31.5,10.2,6.5,2.1,11.6,19.7
Syracuse Orange,25,74.6,27.6,58.8,47,6.2,17.3,35.8,13.1,17.8,73.9,10.2,25.2,35.4,14.9,7.6,5.4,11.7,13.8
Pittsburgh Panthers,24,74.6,26,57.7,45.1,9.4,26,36.1,13.2,17.4,76,10.2,27,37.2,14.5,5.3,4.5,12.1,15.9
Little Rock Trojans,26,74.6,26.6,60.8,43.7,6.2,18.4,33.4,15.3,21,72.8,11.2,24.4,35.6,14.2,6.5,2,13.5,19.8
Purdue Boilermakers,25,74.6,26.2,56,46.7,7.4,21.7,34.1,14.8,19.7,75.4,12.4,27.1,39.5,15.7,4.7,4,11.2,13.2
Wofford Terriers,26,74.5,27.3,58,47.2,7.5,22.7,33.2,12.3,16.5,74.2,9.2,24.2,33.3,12.7,5.7,2,11.2,13.7
Howard Bison,24,74.5,26.3,56.8,46.3,7.6,20.7,36.8,14.3,19.6,72.8,10.3,23.5,33.8,14.6,7.9,3.1,16.4,17.1
Belmont Bruins,26,74.4,27.1,58.5,46.4,9.6,24.6,39.1,10.6,14.7,71.8,8.3,23.5,31.9,15,7.2,3.3,11.7,15.5
Miami (OH) Redhawks,24,74.4,26.1,57.8,45.1,8.1,24.1,33.7,14.1,18.2,77.8,9.6,22.8,32.4,13.7,6.3,2.8,13.9,18
Montana State Bobcats,26,74.4,26,54.6,47.7,6.7,19.7,33.8,15.7,21,74.5,8.3,25.1,33.4,13.3,6.5,3,11.9,18.2
Liberty Flames,26,74.4,26.7,56,47.6,10.9,28.9,37.6,10.2,13.8,73.6,7.9,25.7,33.6,17.2,6.3,2.1,10.4,14.9
Pennsylvania Quakers,24,74.4,26.8,58.1,46,8.4,23.4,35.8,12.5,17,73.3,10.2,27.3,37.5,15.5,5.3,3.1,12.7,18.1
Purdue Fort Wayne Mastodons,26,74.3,26.2,60,43.7,9.8,28,35.1,12.2,17.3,70.2,10.5,26.2,36.7,13.2,7,2.5,13.1,14.6
San Diego State Aztecs,24,74.3,26.1,57.3,45.5,7.4,20.8,35.5,14.8,20.2,73.2,10.2,25.2,35.4,13.6,7.3,3,11.8,16.9
Southern Jaguars,24,74.3,26.3,59.2,44.4,8.3,23.4,35.3,13.4,18.5,72.4,8.1,23.5,31.6,15.1,8.7,2.5,14.9,20.6
North Florida Ospreys,25,74.2,26.1,58.9,44.3,9.6,28.5,33.8,12.4,17.5,71,9.2,25.1,34.3,12.9,4.7,4,12.3,14.2
Michigan Wolverines,24,74.2,26.8,59.3,45.2,7.9,22.3,35.3,12.7,18.3,69.5,8.8,27.3,36.1,13.1,4.9,4.4,9.8,15.3
Army Black Knights,26,74.2,27.2,56,48.7,7.8,21.5,36.3,11.9,17.3,68.8,8.7,25.3,34,13.2,5.3,2,13.2,16.2
UCLA Bruins,24,74.1,28.6,61.5,46.6,6.3,17.8,35.7,10.5,14.8,71.5,12,23.7,35.7,14.9,8.9,3.9,10.7,15.4
Louisiana Tech Bulldogs,24,74.1,26.5,58.6,45.1,8.9,25.4,35.1,12.3,16.8,72.8,10.5,24.4,34.9,13.5,8.2,2.5,13.9,17.8
South Carolina State Bulldogs,23,74,27.3,64.8,42.2,6.7,20.7,32.1,12.7,18.8,67.4,13.8,21.5,35.3,13.6,7.3,3.1,14.8,21.2
Charleston Southern Buccaneers,24,74,26.5,59.3,44.7,8.6,24.1,35.6,12.4,16.7,74.3,11.8,23.6,35.4,12.2,5.2,2.5,12,18
Virginia Tech Hokies,24,74,27.5,58.4,47.1,8,22.7,35.2,11,14.9,73.5,8.5,25.9,34.3,15.3,5.2,3.5,10.2,15.6
Texas Tech Red Raiders,24,74,26,56.3,46.2,7.2,21.3,33.8,14.7,20.7,70.8,10.4,24.3,34.7,13.5,7.9,3,13.9,15.6
Hofstra Pride,26,73.9,28.2,58.6,48,8.6,23.5,36.6,9,12.1,74.3,7.1,25.7,32.8,14.1,6.1,4,10.9,14
Longwood Lancers,26,73.9,26.3,57.2,45.9,7.8,21.5,36.1,13.6,19,71.5,11,24.1,35.2,12.8,6.4,2.2,12.2,16.2
Western Kentucky Hilltoppers,25,73.9,26,58.2,44.7,8,21.5,37.1,13.9,18.9,73.5,8.8,25.8,34.7,13.5,6.2,5.6,11.1,15.2
Colorado State Rams,25,73.8,27,55,49.1,7.8,21.7,35.8,12,16.4,73.6,5.6,24.9,30.5,17.4,6.1,2.5,10.8,16.3
Clemson Tigers,24,73.8,25.7,55.7,46.1,8,21.9,36.4,14.4,18,80.3,7.1,27.8,34.9,14.3,5.4,3.2,11.6,17.7
Coastal Carolina Chanticleers,25,73.8,26.8,61.4,43.6,7.2,22.9,31.6,13,17.2,75.6,11.9,26.2,38.1,12.8,6.1,3.4,12.2,15.9
Nevada Wolf Pack,26,73.7,24.4,54.2,45.1,7.3,21.1,34.9,17.5,22,79.9,7.5,26.2,33.7,14.2,6,3.2,10.5,18.3
New Mexico State Aggies,24,73.7,26.3,59.4,44.2,7.5,22.3,33.9,13.6,20,68.1,10.3,25.3,35.5,12.1,7.3,2.3,12.7,18.9
Seattle U Redhawks,25,73.6,25.5,62,41.1,9.2,28.6,32.2,13.4,18.9,71,11.4,26.1,37.5,13,6.1,3.2,12.2,18.4
Western Illinois Leathernecks,25,73.6,26.1,57.2,45.7,6.9,21.5,32.2,14.4,20.4,70.6,9.1,25.4,34.5,13.6,5.8,3.7,11.2,14.2
SIU Edwardsville Cougars,26,73.5,25.1,57.8,43.4,6.8,21.3,32.1,16.4,22.4,73.2,11.3,25.7,37,12.2,7.2,4.2,12.7,17.2
Grand Canyon Lopes,24,73.4,25.2,55.8,45.1,8.4,23.6,35.5,14.7,19.9,73.8,10.9,26,36.9,12,5,3,12.4,17.7
Coppin State Eagles,24,73.2,24.8,57.5,43.1,8.8,26.1,33.7,14.8,20.5,72.5,6.4,24.4,30.8,10.9,8.1,2.9,14.7,20.1
St. Francis (PA) Red Flash,24,73.2,26.6,58,45.9,8,20.7,38.4,12,17,70.4,9.1,24.9,34,13.8,4.9,2,13.2,16.7
North Dakota State Bison,25,73.2,26.6,57.9,45.9,8,23.7,33.6,12.1,17.8,68.1,8.5,27.2,35.8,11.6,4,2.9,11.6,15.3
Tennessee Tech Golden Eagles,26,72.8,26.1,59.6,43.8,8.9,24.7,36,11.7,16.5,71.1,9.5,25.6,35.1,14.7,6.9,2.3,13.1,15.5
Oakland Golden Grizzlies,26,72.8,25.7,59.3,43.4,7.5,24,31.5,13.8,18.1,76.2,8.5,22.9,31.4,12.4,7.5,2.7,11,14
South Florida Bulls,24,72.7,26.6,59.6,44.7,7.3,21.6,33.9,12.1,18.5,65.2,12.2,24.9,37.1,13.8,6.6,2.8,13.7,18
Quinnipiac Bobcats,25,72.6,25.8,59.7,43.1,8,22.6,35.3,13.1,20.3,64.7,11.9,26.7,38.6,13.1,6.4,2.6,12.6,16.1
Penn State Nittany Lions,24,72.6,26.9,58.3,46.1,10.8,28.1,38.4,8,10.5,75.5,5.8,26.8,32.5,14.7,5,2.2,8.7,15.7
Akron Zips,25,72.4,24.8,57.1,43.4,9,25.4,35.4,13.8,19.1,72.2,10.4,25.4,35.8,13.2,6.3,2.8,11.4,15.9
Fordham Rams,24,72.4,24.3,57.3,42.4,7.5,23.6,31.7,16.4,21.6,75.7,10.3,26.2,36.5,12.9,7.8,5.1,13.5,18.8
Denver Pioneers,27,72.4,25.9,53.4,48.4,4.2,13.3,31.8,16.4,23.2,70.6,9.4,25.7,35.1,11,5.3,3.1,14.9,16.7
Winthrop Eagles,26,72.3,24.2,52,46.6,8.8,23.7,37,15.1,20.4,74,8.3,22.9,31.2,11.9,5.6,3.3,14.7,16.9
Auburn Tigers,24,72.3,25.9,58.6,44.2,6.2,21.1,29.2,14.4,20.8,69,12.1,25.5,37.6,14.4,8.3,5.7,12.7,19.1
Saint Joseph's Hawks,24,72.3,25.3,59.2,42.7,8.9,26.5,33.5,12.9,19.4,66.5,10.9,24.5,35.4,12.4,6.7,3.1,13,18
Troy Trojans,26,72.2,25.8,58.5,44.1,7.6,23.9,31.9,13,18.3,70.6,10.9,23.6,34.5,13.8,8.5,2.7,13.5,17.3
Northern Colorado Bears,25,72,25.2,57.3,44.1,8.5,23.7,36,13,17.8,73.2,8,24.8,32.8,11.8,5.1,1.5,12.3,18.6
Tennessee Volunteers,24,72,25.6,59.4,43.2,7.6,23.4,32.4,13.2,18,73,13.6,26.5,40,16.8,8.9,3.9,12.6,16.6
Bradley Braves,26,72,26.3,56.6,46.5,8.4,22.7,37.2,10.9,16.3,67,9.7,25.5,35.2,13.3,7.3,3.9,12.4,16.4
Duke Blue Devils,24,71.9,25.8,59.1,43.7,6.7,20.7,32.4,13.5,17.8,76.3,13.3,26.3,39.6,14.6,5.7,4.9,12.5,15.3
UC Riverside Highlanders,25,71.8,26.3,60.1,43.8,8.3,22.9,36.1,10.8,15.6,69.3,11.4,26.3,37.8,13.1,4.9,1.8,12.6,18.4
USC Trojans,24,71.8,26.1,57.1,45.7,5.8,18,32.3,13.6,18.5,73.6,9.6,25.1,34.7,14,7.4,5.3,12.9,17.3
Northern Arizona Lumberjacks,26,71.7,25.7,60.3,42.6,8.3,23,36.3,12,16.3,73.5,10.2,24.8,35,14.3,5.2,1.6,11.2,18.6
Middle Tennessee Blue Raiders,25,71.7,26.8,57.4,46.7,7.1,20.6,34.3,11,16.4,67.2,10.9,22.5,33.4,11.5,8,4.8,13.9,18.4
Saint Mary's Gaels,26,71.7,26.1,57,45.8,7.8,21.1,36.8,11.7,16.8,69.2,11,25.5,36.5,12.5,7.3,3.5,10.8,16.5
UCF Knights,23,71.6,24.8,58.1,42.6,8.7,23.9,36.4,13.3,17.5,76.4,12.3,24.2,36.5,13.7,7,3.8,14.2,16.8
Boise State Broncos,24,71.6,25.9,56.9,45.5,7.9,21.7,36.5,11.8,16.3,72.8,8.5,27.8,36.3,11.5,5,3.1,11.3,16.3
UMass Minutemen,24,71.6,25.5,60.5,42.1,6.3,18.3,34.4,14.3,20.4,70.1,12.8,25.1,37.9,14.5,6.8,3.8,13.9,17.9
Florida International Panthers,25,71.5,26.8,57.5,46.6,6.8,21.6,31.5,11.2,16.3,68.6,8.4,23.5,31.9,12.4,9,4,15.1,16.5
Northern Illinois Huskies,24,71.3,25.6,56.3,45.4,7.4,21.5,34.3,12.8,19,67.3,8.8,23.9,32.7,11.7,6.7,2.7,14.4,19.3
Florida Gulf Coast Eagles,26,71.3,25.2,58,43.5,9.2,25.8,35.5,11.7,15.8,73.8,10.6,25.2,35.8,12.9,6.8,3.4,11.9,15.5
North Carolina A&T Aggies,26,71.3,25.5,59.3,42.9,8.3,24.8,33.4,12.1,17.8,68,8.5,26,34.6,11.9,7.5,2.7,12.2,17
Western Michigan Broncos,24,71.3,25.9,59,44,8,23.5,33.8,11.5,15.9,72.3,12.7,25.3,37.9,13.2,4.6,2.1,12.9,17.3
Sacred Heart Pioneers,27,71.3,26.4,61.3,43.2,7.2,23,31.4,11.1,16.4,68.1,10.4,25,35.4,13.9,8.2,3.2,13,15.1
Arizona State Sun Devils,25,71.2,25.3,59.8,42.3,7.6,23.6,32.1,13.1,19,69.1,11.2,26.6,37.7,14.5,7,5.2,12.3,18.6
Colorado Buffaloes,25,71.2,26,58.8,44.2,6.4,19.8,32.1,12.9,18.9,68.1,11.7,26.2,37.8,13,8.2,3.8,14,16.5
Florida Gators,24,71.2,24.7,57.4,43,6.7,20.7,32.3,15.1,20.4,74,8.5,27.4,35.9,12.4,6.5,5.9,11.4,16.2
DePaul Blue Demons,25,71.1,25,59,42.3,8.3,23.5,35.4,12.8,17,75.1,9.3,23.1,32.4,13.5,6.4,4,12.7,18.6
Oregon Ducks,25,71,25.4,56.1,45.3,7.1,22.6,31.3,13.2,18.8,70.1,10.8,26,36.8,13.4,6.1,5.2,12.9,15
UNC Greensboro Spartans,26,71,25.2,56.8,44.4,7.6,22,34.5,13,18.3,71.1,10,26.4,36.4,14.6,7.4,2.5,12,16.8
Appalachian State Mountaineers,26,70.9,25.7,58.1,44.2,7.8,23.2,33.4,11.7,17.3,67.6,8.9,27.5,36.4,13.4,6.9,4.6,11.5,13.8
Murray State Racers,25,70.8,25.4,57.2,44.4,5.9,18.7,31.6,14.2,19.3,73.4,9.7,25.9,35.6,11.9,5.2,2.9,11,15.1
Georgetown Hoyas,25,70.8,26.2,60.3,43.4,5.6,17.9,31.3,12.8,18.2,70.3,11,25.1,36.2,11.7,5.8,4.7,12.1,14.6
Iowa State Cyclones,23,70.7,26.8,58,46.3,6.7,19.3,35,10.3,15.5,66.9,11.3,22.3,33.5,15.1,9.3,3,12.9,19.3
Tarleton Texans,25,70.7,24.6,54.3,45.4,4.6,13.6,34.1,16.8,24.7,68,9.7,22.2,32,12.2,9.2,3,12.4,20.4
North Dakota Fighting Hawks,26,70.7,25.7,58.5,43.9,9.1,26,35,10.3,15.1,67.9,9.3,23.8,33.2,11.9,4.5,2.7,11.8,15.9
Morehead State Eagles,26,70.7,24.3,55.2,44,7.1,20.8,34.2,15,20.5,73.4,10,26,36,13.8,5.9,3.7,13,16.1
UC Santa Barbara Gauchos,23,70.7,26,53.3,48.8,5.4,16.3,33.4,13.1,18.7,70.2,9.3,24.6,33.8,13.9,7,2.6,12.6,15.9
Gardner-Webb Runnin' Bulldogs,25,70.6,26.4,56.2,47.1,6.5,19,34.1,11.3,18.3,61.7,9.5,25.4,34.8,13.2,7.3,4.8,12.4,18.9
Maryland Terrapins,24,70.6,25,55.9,44.6,6.5,21.4,30.2,14.3,19.3,73.9,10.1,24.6,34.7,11.2,5.7,3.6,10.9,16.2
Davidson Wildcats,23,70.6,25,56,44.7,6.7,20.5,32.9,13.7,18.7,73.7,8.2,24.5,32.7,13.3,5.6,1.5,11.5,15.7
New Orleans Privateers,23,70.6,25,55,45.4,6.4,16.7,38.4,14.3,20.6,69.2,9,22.3,31.3,14.5,6.5,2.1,18,19
Towson Tigers,25,70.6,25.6,58,44.1,7.1,19.7,36,12.3,17.3,71.1,12.6,24.4,37,14,6.2,3.5,11.8,15.6
Vanderbilt Commodores,24,70.5,24.9,59.5,41.8,8.1,24.9,32.4,12.7,17.7,71.8,11.8,24.8,36.5,11.8,5,4.5,11.4,16.5
Rutgers Scarlet Knights,24,70.5,25.8,59.2,43.7,5.8,18.1,32.2,13,17.8,72.9,11.8,26.3,38.1,15.6,9.3,3.9,11.9,16
Utah Utes,25,70.4,25.3,57.3,44.2,7.3,21,34.7,12.5,17.5,71.6,11,28.3,39.3,14.9,5.5,4.4,12,15.2
Navy Midshipmen,25,70.4,26.7,57.4,46.4,8.3,21.5,38.5,8.8,12.7,69.2,9.8,24.6,34.4,15,6.6,2.6,12.1,15.8
Vermont Catamounts,24,70.4,25.7,56.1,45.7,8.3,24.2,34.1,10.8,15.7,69.1,7,24.8,31.8,13.3,6,2.5,9.9,15.4
Northern Iowa Panthers,25,70.4,25.5,55.8,45.6,7.4,21.7,34.3,12,17.4,68.8,7.8,25.8,33.6,11.4,6.5,1.3,12.5,15
Cleveland State Vikings,26,70.4,26.6,58.7,45.3,5.3,16.9,31.2,12,17.4,68.7,12,22.3,34.3,13,7.2,3.1,11.2,17
Notre Dame Fighting Irish,24,70.3,25.6,57.3,44.7,9,24.6,36.6,10.1,13.3,75.9,6.8,24.3,31,12.3,4.7,2.7,8.8,13.4
Lehigh Mountain Hawks,24,70.3,25.4,57.4,44.2,7.4,20.5,36.2,12.2,16.6,73.4,7.1,26.7,33.8,12.9,6.5,2.3,12.3,16.6
Incarnate Word Cardinals,25,70.3,24.9,56.8,43.9,6,17.8,33.8,14.4,19.5,74,9.4,23.1,32.4,12.2,8.2,2.8,13.8,17
Villanova Wildcats,24,70.2,23.8,54,44,8.8,26.3,33.3,13.9,16.8,82.6,7.3,24.4,31.7,11.2,5.5,1.5,10.7,16.1
Alabama A&M Bulldogs,24,70.1,25.6,57.8,44.3,7,18.8,37.6,11.8,18,65.5,9.8,21.7,31.5,13,8.5,3.9,14.9,18.5
Maryland-Eastern Shore Hawks,22,70,26,59.3,43.8,7.6,23.1,33.1,10.4,14.7,70.9,10.2,21.7,32,14.2,10.8,1.7,14.2,16
VCU Rams,25,70,24.1,53,45.5,6,17.9,33.3,15.8,22.5,70.3,9.2,23.4,32.7,12.4,9.3,4.2,14.3,16
Florida State Seminoles,25,70,25.2,57.3,44,6.7,19.7,34.1,12.9,17.8,72.5,8.6,23.1,31.7,14.2,5.9,4.1,12.3,16.2
Virginia Cavaliers,22,70,24.2,53,45.7,7.6,20.1,38,14,19.4,72.3,8.3,24.2,32.5,16.3,6.7,4.4,9.1,14.1
Wyoming Cowboys,23,70,24.6,54.6,45,8.7,24.9,34.8,12.2,17.7,69.2,8,24.8,32.7,11.4,4.6,2.3,12,14.8
South Dakota State Jackrabbits,25,69.9,25,55.8,44.8,7.7,22.1,34.7,12.3,15.5,79.1,6.6,25.4,32,10.8,5.2,2.9,12.4,14.2
Texas A&M-Commerce Lions,25,69.9,25.5,57.6,44.2,8.6,27.6,31.1,10.4,14.9,69.6,9.4,23.6,33.1,14.3,5.9,3.1,12.9,18.7
Georgia Bulldogs,24,69.9,23.5,56.3,41.8,7,21.5,32.6,15.8,21.7,72.9,11.6,25.8,37.4,11.8,6.6,2.9,13.5,15.7
Maine Black Bears,24,69.9,26.6,57.2,46.5,7.2,20.2,35.7,9.4,12.6,74.6,7.5,23.4,30.9,14.5,9.5,2,12.2,15.1
Mercer Bears,26,69.8,26.2,57.8,45.3,5.9,17.5,33.8,11.4,16.7,68.4,10.2,24.3,34.4,13.6,5.9,2.1,11.1,17.5
Radford Highlanders,26,69.8,25.8,55.8,46.2,6.5,18.3,35.8,11.7,17.4,67.1,10.1,23.5,33.6,12.1,7.3,3.1,12.2,16.8
Idaho State Bengals,25,69.8,24.7,55.9,44.1,8,23.9,33.5,12.4,16.8,73.8,8.1,23.5,31.6,11.8,6.1,2.7,11.7,17.6
Richmond Spiders,25,69.7,23.9,54.6,43.8,8.4,24.5,34.2,13.5,18.2,74.1,7.1,26.1,33.2,12.3,5.7,2.4,11.7,15
Washington Huskies,25,69.7,24.8,57.2,43.3,6.8,21.2,32.1,13.3,17.8,75,8.9,25.1,34,11.6,7,5.6,14.4,16.7
George Mason Patriots,25,69.6,24.8,54.4,45.6,7.8,21.4,36.3,12.3,19.1,64.4,9.4,26.9,36.4,14.3,4.6,3.4,14.2,16.9
Dartmouth Big Green,23,69.6,25.2,58.1,43.4,7.9,24.4,32.4,11.3,16.6,67.8,8.5,26.8,35.3,12.2,5.6,4.1,14.2,16.7
South Alabama Jaguars,25,69.6,27,59.4,45.4,7.4,23,32.2,8.2,12.1,68,7.3,25.7,33,11.4,6.1,4.1,10.7,14.7
East Carolina Pirates,24,69.5,23.5,57.5,40.8,7.8,24.6,31.7,14.8,21.2,69.7,12.3,24.7,37,13.4,6.5,2.6,13.1,18
Rider Broncs,23,69.5,26,57.7,45.1,4.9,14.9,32.7,12.7,16.7,75.6,11.4,25.5,36.9,11.4,5.3,2.2,12,17.7
VMI Keydets,27,69.5,25.3,59.5,42.5,9.5,26.6,35.7,9.4,12.3,76.8,11.1,24.8,35.9,11.5,5.4,1.1,13.6,15.6
Texas Southern Tigers,24,69.5,25.8,61,42.3,4.5,16.8,26.8,13.3,20.7,64.2,12,26.3,38.3,11.7,6.8,3.8,15,18.3
Oklahoma State Cowboys,24,69.4,24.9,56.6,44,6.9,21.5,32.2,12.7,18,70.5,10.8,26.3,37,13.1,6.1,5.3,14.2,17.1
SMU Mustangs,25,69.4,24.9,59.7,41.8,6.5,20.6,31.6,13,19.4,67.4,10,25.4,35.4,13.4,6.7,3.6,12.9,17.4
Temple Owls,25,69.3,23.2,55.1,42,7.8,24.2,32.2,15.2,19.8,76.6,10,25.9,35.9,13.5,5,4.2,14.1,17.2
Canisius Golden Griffins,23,69.3,24.9,61.3,40.5,8.7,25.7,34,10.7,14.7,72.9,11.4,22.6,34,13.9,5.5,2.7,12.3,16.2
Delaware Blue Hens,26,69.2,24.7,56,44,6.3,20.1,31.4,13.6,18.8,72.4,8.8,24.1,32.9,12.3,6.9,4.2,11.8,16.8
Siena Saints,25,69.2,24.1,54.6,44.2,6.5,18,35.9,14.5,19.2,75.6,9.6,25,34.6,12.5,5.4,4.5,13.2,17.4
East Tennessee State Buccaneers,27,69.2,26,57.2,45.5,6.1,19.7,31.3,11,16.6,66.4,10.9,24.9,35.8,12.4,6.3,3.1,13.6,15.7
Valparaiso Beacons,26,69.2,25.4,58.2,43.7,6.4,21.3,30.1,11.9,16.5,72,7.8,26.3,34.1,13.2,6.2,2.3,12.5,16.8
Seton Hall Pirates,25,69.1,23.8,54.2,44,5.8,18.1,32.2,15.6,23.1,67.5,11,25,35.9,12.2,8.5,4.5,14.1,17.8
Dayton Flyers,26,69.1,24.5,52.3,46.9,6.5,19.3,33.8,13.5,19.4,69.4,9.2,27.3,36.5,15,4.9,4.7,12.9,13.9
UNC Wilmington Seahawks,26,69,23.9,53.7,44.5,6.2,18.8,33.1,15,20.8,72.3,10.1,23.6,33.7,11,6.7,2.9,11.8,18.2
Grambling Tigers,23,69,24.5,54.3,45.1,5.6,15.8,35.2,14.4,22.2,64.9,11.2,25.6,36.7,12.7,7.2,4.1,15.4,19.4
La Salle Explorers,24,68.9,24.9,60,41.5,7.2,21.5,33.6,12,17.1,70,11,24.1,35.1,12.2,7.3,3.3,13,17.5
South Dakota Coyotes,25,68.9,24.1,56.2,42.8,8.6,22.3,38.7,12.1,15.7,76.8,8.7,25.2,34,12.1,4.4,1.4,12.2,17
The Citadel Bulldogs,26,68.8,24.5,56.5,43.3,7.6,22.7,33.6,12.3,16.2,76,7.2,25.3,32.5,12.3,5.3,2.3,12.2,17.1
Cal State Fullerton Titans,25,68.8,23.4,55.3,42.4,7.9,21.3,37.2,14,20.5,68.6,9.6,24.4,33.9,10.7,6.6,2.6,12.7,17.8
Wichita State Shockers,24,68.7,24.8,57.5,43.1,6.4,21.8,29.2,12.8,17.8,71.7,10,26.4,36.3,11.8,5.9,4.1,12,14.8
South Carolina Upstate Spartans,24,68.6,25.2,54,46.6,6.5,18.7,34.7,11.8,18,65.1,8.3,22.9,31.3,11.9,7.4,4.5,14.3,20.1
UL Monroe Warhawks,26,68.5,24.3,58,41.9,7.5,20.9,35.7,12.5,17.7,70.3,10.9,24.3,35.2,13.5,7.5,3.5,13,15.2
Georgia Southern Eagles,26,68.5,25.9,59,44,6,19.9,30.2,10.6,15.5,68.3,10.3,25.5,35.9,10.3,7,3.2,11.5,16.8
Eastern Illinois Panthers,26,68.5,25.2,58.2,43.4,5.2,16.5,31.5,12.8,20.3,63.1,9.8,24.2,34,14.2,8.6,3.3,13.3,18.5
Omaha Mavericks,26,68.5,25.3,56.3,45,5.4,16.2,33.6,12.3,16,77.2,8.1,23.7,31.7,12.1,5.6,3,12.8,18
Stanford Cardinal,24,68.4,24.5,56,43.7,7.6,23,33.2,11.9,16.8,70.7,11,24.3,35.3,13.8,5.8,3.5,12.9,16.3
Northwestern Wildcats,24,68.4,23.6,57.8,40.9,7.7,23.9,32.1,13.5,18.1,74.4,10.4,24.9,35.3,13.5,7.9,4.4,10.3,16.1
Montana Grizzlies,25,68.4,24.1,53.1,45.3,7.8,21.4,36.7,12.4,15.9,77.8,7.4,23.4,30.8,12.2,4.6,2.4,11,18
Campbell Fighting Camels,25,68.3,23.8,51.9,45.8,6.8,20.7,33,14,19.9,70.2,7.8,23.6,31.4,12.5,6.4,2.7,12.3,15.6
Brown Bears,22,68.3,25.1,57.1,43.9,8.2,23.3,35.2,10,16.1,61.7,8.8,26.6,35.4,14,7.4,3.1,13.4,15.7
William & Mary Tribe,25,68.3,24.6,55.7,44.3,7.3,19.7,37.2,11.7,17.6,66.4,10.7,23.5,34.2,12.3,5.9,2.2,12.5,16.6
Bucknell Bison,26,68.3,25,54.7,45.7,7.2,20.7,34.9,11,15.4,71.7,8.3,25.9,34.3,13.8,5.5,3.8,13.7,15.9
Chicago State Cougars,26,68.2,23.4,55.4,42.2,7.9,23.7,33.3,13.6,18.7,72.5,11.4,23.2,34.6,11.5,5.5,2.8,13.9,18.8
Binghamton Bearcats,23,68.2,25.3,56.5,44.8,5,17.1,29.3,12.6,17.7,71.1,9.6,24.5,34.1,11.2,4.8,3.1,13,18.2
Hampton Pirates,25,68.2,23.4,59.6,39.2,7.3,22.2,32.8,14.2,20.8,68.4,10.4,23.4,33.8,11.1,4.5,3.2,11,18.4
Manhattan Jaspers,22,68.1,24.4,55.6,43.9,7.2,21,34.5,12,18.1,66.3,8.6,22.4,31,12.5,7.8,3.6,14.2,16.5
San Jos√© State Spartans,24,68.1,25.2,55.8,45.1,7.6,22.3,34,10.2,15.2,67.3,11.3,26,37.3,13,3.8,3.8,12.2,15.1
Michigan State Spartans,24,68.1,25.3,57.3,44.1,6.9,18.5,37.3,10.7,14.5,74.1,9,27.6,36.6,14.7,4.9,3,11.1,16.8
Jacksonville State Gamecocks,26,68.1,23.8,55,43.3,8.7,23.8,36.7,11.8,17.3,67.8,10.5,25,35.6,12.5,5.7,2.4,13.2,16.4
Robert Morris Colonials,26,68.1,25.4,57.5,44.1,7.3,21.3,34.1,10,14.1,71.3,9.8,24.7,34.5,14,6.3,3.6,13.3,15.7
Lindenwood Lions,26,68,25.1,58.9,42.7,7.5,21.2,35.2,10.3,14.2,72.7,9.1,25.2,34.3,12.1,6.4,3.2,13.3,15.6
Hawai'i Rainbow Warriors,25,68,23.9,54.7,43.7,6.5,20,32.3,13.7,18.3,74.7,9.8,25,34.9,10.9,4.9,3.9,12,16
Oklahoma Sooners,24,68,25.2,53.3,47.3,6.7,19,35.3,11,15.2,72.3,6.9,25.5,32.4,13.3,5.4,3.2,13.1,16
Bethune-Cookman Wildcats,24,68,24.5,58.4,41.9,6.6,18.3,36.1,12.5,17.7,70.5,9.8,22.9,32.7,11.2,7.7,3.2,13.3,17.1
UTEP Miners,24,67.9,24.8,55.4,44.8,4.6,17.2,26.7,13.6,22.1,61.7,11,24.3,35.3,12,9.1,2.5,15.3,18
California Baptist Lancers,25,67.7,24.1,56.7,42.6,8.1,24.8,32.6,11.4,17.8,64.2,10.7,25.8,36.5,13.3,4.2,3.4,11.6,17.1
Ole Miss Rebels,24,67.7,25,58.8,42.5,6,20.1,29.7,11.8,16.9,69.6,12.2,24.3,36.5,13,6.8,4.6,12.5,16.5
Tulsa Golden Hurricane,23,67.7,25.1,59.5,42.2,7.9,25.1,31.3,9.7,14.8,65.3,9,23.4,32.4,12.1,5.5,1.7,13.2,16.1
Loyola Chicago Ramblers,23,67.6,24.6,52.4,46.9,7.3,21.1,34.6,11.1,16.2,68.8,7.7,23.7,31.3,13.8,5.3,3,15.7,19.9
Lamar Cardinals,25,67.5,24.6,57.5,42.8,5.5,17.7,31.2,12.8,18.6,68.8,12.5,24.7,37.2,13.1,6.4,3.3,14.4,15.5
Prairie View A&M Panthers,24,67.5,24.3,59.8,40.5,5.2,18.7,27.8,13.8,20.1,68.5,12,23.8,35.8,10.3,7.8,3.4,14,19.5
McNeese Cowboys,25,67.5,25,58.4,42.7,8.2,25.1,32.9,9.3,14.9,62.5,11.9,22.3,34.2,11.5,7.9,2,14.9,19.5
Old Dominion Monarchs,25,67.4,24,56.6,42.4,5.3,16.6,31.8,14.1,20.9,67.3,12,25.8,37.9,10.5,6.4,4,11.1,16.6
Washington State Cougars,25,67.4,23.7,56.3,42,8.6,24,35.8,11.4,15.9,71.6,11.2,23.7,34.8,11.6,4.8,2.8,12.8,16.2
Columbia Lions,24,67.3,23.8,59.9,39.7,7.6,24.1,31.6,12.1,17.3,70.3,11,24.4,35.3,11.5,6.8,1.9,13.8,16.3
Boston University Terriers,25,67.3,23.7,57.1,41.5,7.5,22.8,33,12.4,16.9,73.7,10.4,24.9,35.3,10.6,6.8,2.3,12.5,17.6
Harvard Crimson,23,67.3,24.6,56.4,43.6,6.6,21.6,30.4,11.5,17.3,66.4,10.4,26,36.4,13.3,7.4,4,13.9,14.5
Air Force Falcons,26,67.3,23.8,51.2,46.5,8.3,23.3,35.5,11.3,16,70.8,6.7,22.6,29.3,15.4,5.8,4.3,11.8,17
New Hampshire Wildcats,23,67.3,23.7,59.3,39.9,8.5,24.3,34.9,11.4,16.6,68.6,10.7,26.5,37.1,12.2,5.2,2.4,10,15.1
Jackson State Tigers,24,67.3,24.4,60,40.7,6.4,21.1,30.4,12,18.1,66.2,12.2,22.2,34.4,12.5,7.5,2.4,15.8,18.6
Georgia Tech Yellow Jackets,24,67.2,25.3,61.2,41.3,6.9,22.1,31.3,9.7,14.2,68.5,10.9,24.6,35.5,13.3,5.9,4.3,11.4,16.3
Austin Peay Governors,26,67.2,24.1,57.8,41.7,7,21.7,32.4,12,16.5,72.7,10,21.3,31.2,12.6,7.2,3.1,12,17.5
Long Island University Sharks,24,67.2,24.7,58.3,42.4,5.3,15.2,35.1,12.4,18.9,65.6,9.6,25,34.6,14.3,6.5,3.4,16.3,17.1
UTSA Roadrunners,25,67.2,22.5,56.7,39.7,7.6,22.8,33.1,14.6,19.8,74.1,10.7,24.6,35.4,10.6,3.6,2.3,13.6,17.7
Northern Kentucky Norse,26,67.1,24.4,57.8,42.2,7.7,23.3,33.1,10.5,15.7,67.3,11.6,21.2,32.8,13.5,9.7,2.4,11.8,15.4
St. Bonaventure Bonnies,25,67,23.9,56.1,42.6,7.2,20.3,35.3,12,17,70.2,9.7,23.4,33.1,12,6.7,3.5,12.1,18.3
Rhode Island Rams,23,67,23,57.1,40.2,5.3,17.6,30.4,15.7,21.4,73.4,12.1,26,38.1,11.7,6.1,4,14.4,17.9
UIC Flames,26,66.9,22.9,55.5,41.3,8,24.5,32.4,13.1,19.8,66.1,8.2,23.7,31.9,12.8,6.8,4.7,13,18.4
Sacramento State Hornets,25,66.9,24.6,55.4,44.4,7.1,20.2,35.1,10.6,15.5,68.7,11.5,24.7,36.2,13.7,4.6,2.9,13.4,14.9
UC San Diego Tritons,25,66.9,24.3,57.4,42.3,7.2,22.7,31.7,11.2,15.5,72.1,8.7,24.9,33.6,11.7,6,2.3,12.2,15.8
Arkansas-Pine Bluff Golden Lions,24,66.9,22.8,58,39.3,7.8,24.8,31.6,13.4,18.3,73.3,10.3,24.9,35.2,13.2,8,3,16.1,19.5
Alcorn State Braves,23,66.9,23.7,59.3,39.9,5.3,18,29.2,14.3,19.9,71.6,12.8,21.7,34.5,9.7,7.7,2.3,13.1,19.9
Stonehill Skyhawks,27,66.9,23.2,52.2,44.4,7.9,21.9,36.1,12.6,16.6,75.5,5.8,24.7,30.5,12.5,7,2.9,14,15.3
NJIT Highlanders,23,66.7,24.4,57.5,42.5,6.6,19.5,33.9,11.3,17.4,64.7,9,25.6,34.7,12.3,5.5,3,11.6,16
Southern Illinois Salukis,26,66.7,23.7,51.7,45.9,7.9,24.8,31.8,11.4,15.4,74,6.7,24.7,31.3,14,7.7,2.1,13.1,16.7
Weber State Wildcats,25,66.6,23,51.4,44.8,6.8,20,33.9,13.8,18,76.8,6.3,24.5,30.8,10.8,5.9,1.4,13.3,18
Butler Bulldogs,26,66.6,24.3,54.8,44.4,6.8,19.4,34.9,11.2,15.2,73.2,6.5,23.7,30.2,12.7,6.8,4.6,12.2,13.1
LSU Tigers,24,66.5,23.3,56.3,41.3,7.2,21.8,33,12.9,18.2,70.7,10.7,23.8,34.5,12.5,7.3,2.9,12.8,16.3
Charlotte 49ers,24,66.5,24.5,52,47.2,7.9,21.1,37.3,9.5,12.7,75.1,6.9,23.3,30.3,13.4,5.9,2.5,11.2,14.1
Boston College Eagles,25,66.5,24.8,57.2,43.4,5.4,17.7,30.7,11.4,15.9,71.9,9.5,23.5,33,12.5,6.6,3.7,12,15.7
Kansas City Roos,26,66.4,23.4,57.9,40.4,6,20.6,28.9,13.6,19,71.5,13.7,23.9,37.5,10,6.5,3.8,13.7,18.5
Illinois State Redbirds,26,66.4,22.7,52.6,43.1,7.3,21.3,34.1,13.8,17.3,79.7,8.9,24.2,33,10.7,5.7,3.5,14.8,18.7
American University Eagles,24,66.4,24.6,49.8,49.4,6.9,19,36.2,10.4,14.3,72.8,7.5,22.3,29.7,14.2,7.4,3.9,14.5,15.1
Drexel Dragons,25,66.4,24.4,57,42.8,7.5,23.6,31.9,10.1,15,67.4,10.6,24.4,35,12.2,5.9,3.2,11.3,14.2
Albany Great Danes,26,66.3,23.2,56.8,40.7,7.4,22.9,32.4,12.6,17.8,70.6,10.7,22.5,33.2,11.8,5.8,1.7,13.3,18.7
Central Michigan Chippewas,24,66.3,23.3,55.9,41.6,6.3,21.5,29.3,13.5,19.7,68.6,11.4,24.5,35.9,11,6,3.9,15.8,20.3
Georgia State Panthers,25,66.2,23.9,57.9,41.3,5.5,18.7,29.5,12.9,18.2,70.9,11.3,24,35.3,11.2,5.8,3.8,13.4,17
UT Arlington Mavericks,25,66.2,23.8,58,41.1,6,19,31.3,12.6,19.5,64.9,13.5,23.3,36.8,13.1,6.4,3,13.6,19
Elon Phoenix,25,66.1,23.8,56.8,41.9,7.1,23.2,30.5,11.3,15.6,72.4,9,24.8,33.8,12.7,6.5,2,12.5,16.5
Holy Cross Crusaders,26,66,24.9,57.1,43.6,7,19.3,36.5,9.2,14.6,63.1,7.7,24.7,32.3,12,6.5,2.9,12.5,16.5
Nebraska Cornhuskers,25,66,25,55.9,44.7,6.4,20.3,31.5,9.6,15.3,62.6,8.8,25.8,34.6,13.3,5.5,2.3,12.8,13.7
Northeastern Huskies,23,66,24,56.8,42.2,7.6,21.9,34.5,10.5,15.7,66.9,10.7,25.8,36.4,13,5,4.1,14.4,16.5
Bellarmine Knights,26,65.8,23.8,52.2,45.7,8.3,23.5,35.6,9.8,13.2,74.3,6.4,22.8,29.2,14.4,5.6,1.3,11.4,15.8
Missouri State Bears,25,65.5,24.1,55.2,43.6,7.9,23.7,33.3,9.4,15.2,62.1,11.1,23.6,34.7,11.4,6.6,4.2,12.6,15.6
Mississippi State Bulldogs,24,65.5,24,57,42,5.7,20.5,27.9,11.8,19,62.4,12.9,24.8,37.7,14.5,9.5,3.7,12.5,14.5
Niagara Purple Eagles,23,65.4,23.6,52.6,44.9,6.6,18.6,35.5,11.6,16.2,71.3,7.8,23.1,31,11.3,5.2,2.7,11.7,15.8
Arkansas State Red Wolves,26,65.2,23.7,55.2,42.9,6.2,17.9,34.4,11.8,17.6,66.8,10.2,23.6,33.8,13.4,6.9,3.3,12.1,16.9
Wisconsin Badgers,23,65.1,23.7,56.3,42.1,8.5,23.3,36.6,9.2,14.1,64.9,7.1,23.5,30.6,12,6.6,1.5,8.9,15.7
Central Connecticut Blue Devils,26,65.1,24.8,58.3,42.6,6.9,21,32.7,8.5,12.3,69.1,9.7,23.5,33.2,13,6.1,3.8,12.2,14.2
Loyola Maryland Greyhounds,26,64.8,24.2,54.3,44.6,7.2,20.9,34.6,9.2,14.9,61.5,9.2,21.4,30.5,13.7,7.9,2.6,14.3,15.7
Wagner Seahawks,22,64.8,24,58.7,40.8,6.9,21.1,32.5,10,14.5,69.1,12.8,23.1,35.9,13,7,1.7,12,20.2
Jacksonville Dolphins,24,64.8,24.2,52.5,46,6.9,20.1,34.2,9.5,12.5,76.1,7.5,26.2,33.8,13.3,5.3,2.5,11.8,13.9
St. Francis Brooklyn Terriers,25,64.7,22.9,56.7,40.4,6.5,18.6,35.1,12.3,17.6,70,11.3,22.4,33.7,12.2,7.4,4.6,13.5,15.1
Alabama State Hornets,24,64.5,22.3,60.2,37.1,5.9,19,31.2,14,19,73.5,12.5,24.3,36.7,10.2,5.8,3.5,13.1,18.1
Texas State Bobcats,26,64.5,23.3,54.4,42.9,4.2,14.1,29.8,13.6,19.2,70.8,10.4,22.6,33,9.7,6.5,3.4,12.2,18.3
IUPUI Jaguars,26,64.2,24.2,53.8,44.9,4.6,16.1,28.7,11.3,16.4,68.8,9,22.4,31.4,11.3,5.8,2.5,15.7,17.5
South Carolina Gamecocks,24,64.1,23.3,58.5,39.9,7.8,23.9,32.5,9.7,15.2,63.6,12.4,22.2,34.6,10.9,5.1,2.7,13.3,16.3
Fairfield Stags,24,63.8,22,54.6,40.4,5.4,20.3,26.5,14.3,20.2,70.9,10.3,24,34.3,9.3,5.8,3.8,11.8,15
Delaware State Hornets,22,63.7,23.8,57,41.8,5.7,17.7,32.3,10.4,15.1,68.7,10.8,23.4,34.2,12.4,6.8,2.9,15.7,18.2
Hartford Hawks,25,63.7,23.7,55.4,42.8,7.3,22.2,32.9,9,13.8,65.4,8.9,22.7,31.6,12.9,6.5,3.8,14,14.2
Cal State Northridge Matadors,24,63.5,22.1,55.6,39.7,5.8,18.5,31.2,13.5,18.2,74.3,10.2,23.5,33.7,9.9,6.6,3,11.8,18.7
Presbyterian Blue Hose,26,63.2,22.5,53.9,41.7,5.8,19.5,29.7,12.5,19.8,63.1,10.9,22.4,33.3,10.8,5.7,3.1,13,18.9
Louisville Cardinals,24,63.1,21.8,53.2,41,6.5,19.7,33.1,13,18,72.3,9.3,23.3,32.6,9.4,4.9,2.8,16,16.4
North Texas Mean Green,25,63.1,21.8,51.8,42.1,7.4,21.3,34.5,12.1,16.8,72.3,11.4,22.4,33.8,11,6.6,2.7,11.7,16.4
Stony Brook Seawolves,25,62.8,21.5,52.4,41.1,8,24.7,32.4,11.7,15.8,74,7.6,25.7,33.3,11.7,4.2,2.4,12,14.7
Evansville Purple Aces,26,62.7,22.8,57,40.1,6.3,19.3,32.4,10.7,17.3,61.6,8,24.3,32.3,10.5,6.7,1.8,12.5,16.3
Mount St. Mary's Mountaineers,25,62.3,22.9,55.2,41.5,6.8,18.8,36,9.7,13,75,9.7,23.6,33.3,12.8,6,2.8,14,16.5
Marist Red Foxes,23,62.3,22.3,55.5,40.2,7.3,23.9,30.8,10.3,14.6,70.5,8.4,25,33.4,10.6,6.3,3.6,11.9,14.8
Saint Peter's Peacocks,23,62.3,22.4,58.2,38.5,6,20.7,29.2,11.3,16,71.1,13.6,22.7,36.3,10.9,6.4,3,12.4,22.1
Fresno State Bulldogs,24,62.1,22.5,53,42.6,6.4,21.1,30.4,10.6,14.3,74.6,7.9,22.4,30.3,11.6,6.2,3.3,11.8,16.5
Oregon State Beavers,25,61.4,21.3,50.7,42,6.3,19,33.3,12.6,17,73.7,7.3,23.4,30.6,10.5,5.5,3.3,13.9,17.6
Minnesota Golden Gophers,22,61.1,22.5,54.2,41.4,6,20,30,10.2,16.7,60.9,9.1,24.9,34,13.5,4.9,4,12.9,14.5
Lafayette Leopards,26,61.1,22.1,54.5,40.6,8.9,27,33,8,12.8,62.2,7.7,23.6,31.3,15.2,6,3.1,11.6,15.4
Cal State Bakersfield Roadrunners,24,61,22.4,52.9,42.3,4.5,12.8,34.9,11.8,15.6,75.7,9.3,23,32.2,10.8,5.8,2.9,12.8,18.5
Cal Poly Mustangs,25,60.3,21.7,52.4,41.5,5.6,18.8,29.8,11.2,14.9,75.5,8.7,24.2,32.8,10,5.6,2.4,14.2,19.6
Mississippi Valley State Delta Devils,25,59.4,20.7,52.6,39.4,4.7,13.7,34.1,13.2,20.1,65.8,10,21.1,31.1,9.3,7.8,2.2,15.8,17.8
Merrimack Warriors,26,59.2,20.1,49.7,40.4,6.8,22.5,30.5,12.2,17.4,69.8,6.3,20.9,27.3,11.5,10.8,4,14.7,13.8
California Golden Bears,24,59.1,21.3,52.2,40.7,5,16.6,30.3,11.6,16,72.6,8.5,22.9,31.4,9.8,4.7,3.2,13.5,16.9
Monmouth Hawks,25,59,21.9,55.4,39.5,3.9,14.7,26.6,11.4,17.8,63.7,10.9,21.4,32.3,11,8.4,2.8,14.9,19.3
Green Bay Phoenix,26,58.6,20.2,50.8,39.7,6.2,21.3,29.2,12,16.9,70.8,7.2,20.7,27.8,10.7,5,2.3,14.6,17.1
Florida A&M Rattlers,22,57.2,20.4,53.2,38.3,5.7,18.1,31.7,10.6,16,66.7,10.2,21.8,32,9.5,6.4,3.2,16.1,19