TEAM,CONFERENCE,RECORD,PCT,HOME,AWAY,STRK,GP,PTS,FGM,FGA,FG%,3PM,3PA,3P%,FTM,FTA,FT%,OR,DR,REB,AST,STL,BLK,TO,PF,PTS-ALLOWED,W,L,PTS-Ratio,Made,Attempts,Efficiency,Accuracy
Liberty Flames,ASUN Conference,20-6,0.769,14-1,4-4,W1,26,74.4,26.7,56.0,47.6,10.9,28.9,37.6,10.2,13.8,73.6,7.9,25.7,33.6,17.2,6.3,2.1,10.4,14.9,58.5,20,6,1.271794871794872,47.8,98.7,1.5564853556485359,0.4842958459979736
Kennesaw State Owls,ASUN Conference,19-7,0.731,10-0,8-6,W1,26,75.2,26.3,57.7,45.7,8.4,22.7,37.1,14.1,21.3,66.1,10.0,25.6,35.6,14.6,8.7,2.7,12.9,18.4,68.6,19,7,1.0962099125364433,48.800000000000004,101.7,1.540983606557377,0.47984267453294005
Eastern Kentucky Colonels,ASUN Conference,17-9,0.654,12-1,4-7,W4,26,78.7,29.2,66.3,44.1,9.2,26.0,35.2,11.2,16.9,66.1,13.3,26.2,39.5,15.8,8.4,4.7,12.2,16.4,72.5,17,9,1.0855172413793104,49.599999999999994,109.19999999999999,1.586693548387097,0.4542124542124542
Stetson Hatters,ASUN Conference,14-11,0.56,7-1,6-9,L1,24,75.7,27.4,59.4,46.1,10.4,26.5,39.3,10.5,14.0,74.9,10.3,23.6,33.9,14.4,5.4,3.4,10.7,15.6,71.7,14,11,1.0557880055788005,48.3,99.9,1.5672877846790891,0.4834834834834834
Lipscomb Bisons,ASUN Conference,16-10,0.615,12-1,4-9,W3,26,75.1,28.2,59.2,47.6,7.8,22.5,34.6,11.0,14.9,73.7,9.0,27.5,36.5,13.7,5.3,2.9,12.6,14.0,68.7,16,10,1.0931586608442503,47.0,96.60000000000001,1.5978723404255317,0.48654244306418215
North Alabama Lions,ASUN Conference,15-11,0.5770000000000001,8-2,6-9,W2,26,75.0,27.6,58.7,47.0,7.4,19.7,37.5,12.4,18.1,68.7,9.0,25.7,34.7,11.8,6.0,3.2,11.3,16.7,73.7,15,11,1.01763907734057,47.4,96.5,1.5822784810126582,0.49119170984455957
Bellarmine Knights,ASUN Conference,12-15,0.444,7-5,5-10,W1,26,65.8,23.8,52.2,45.7,8.3,23.5,35.6,9.8,13.2,74.3,6.4,22.8,29.2,14.4,5.6,1.3,11.4,15.8,65.6,12,15,1.003048780487805,41.900000000000006,88.9,1.5704057279236274,0.47131608548931386
Queens University Royals,ASUN Conference,16-11,0.593,8-4,6-7,L2,26,79.7,27.4,60.4,45.3,9.5,26.9,35.2,15.4,21.3,72.5,11.7,26.6,38.3,14.6,6.5,2.4,12.8,15.6,74.7,16,11,1.0669344042838018,52.3,108.6,1.523900573613767,0.48158379373848986
Florida Gulf Coast Eagles,ASUN Conference,16-11,0.593,7-3,6-8,W2,26,71.3,25.2,58.0,43.5,9.2,25.8,35.5,11.7,15.8,73.8,10.6,25.2,35.8,12.9,6.8,3.4,11.9,15.5,69.3,16,11,1.028860028860029,46.099999999999994,99.6,1.5466377440347072,0.46285140562248994
North Florida Ospreys,ASUN Conference,11-15,0.423,9-2,2-13,W1,25,74.2,26.1,58.9,44.3,9.6,28.5,33.8,12.4,17.5,71.0,9.2,25.1,34.3,12.9,4.7,4.0,12.3,14.2,77.3,11,15,0.9598965071151359,48.1,104.9,1.5426195426195426,0.45853193517635843
Jacksonville Dolphins,ASUN Conference,12-13,0.48,7-4,5-9,L4,24,64.8,24.2,52.5,46.0,6.9,20.1,34.2,9.5,12.5,76.1,7.5,26.2,33.8,13.3,5.3,2.5,11.8,13.9,63.2,12,13,1.0253164556962024,40.6,85.1,1.5960591133004924,0.4770857814336076
Central Arkansas Bears,ASUN Conference,9-18,0.33299999999999996,6-6,2-11,W1,26,74.8,26.9,64.8,41.6,9.0,26.8,33.6,12.0,16.0,75.0,11.2,25.3,36.4,12.3,6.4,3.2,13.1,16.6,82.4,9,18,0.9077669902912621,47.9,107.6,1.5615866388308977,0.4451672862453532
Jacksonville State Gamecocks,ASUN Conference,10-16,0.385,8-4,1-11,L3,26,68.1,23.8,55.0,43.3,8.7,23.8,36.7,11.8,17.3,67.8,10.5,25.0,35.6,12.5,5.7,2.4,13.2,16.4,69.3,10,16,0.9826839826839826,44.3,96.1,1.5372460496613995,0.46097814776274715
Austin Peay Governors,ASUN Conference,8-19,0.29600000000000004,6-7,1-11,L10,26,67.2,24.1,57.8,41.7,7.0,21.7,32.4,12.0,16.5,72.7,10.0,21.3,31.2,12.6,7.2,3.1,12.0,17.5,71.9,8,19,0.9346314325452016,43.1,96.0,1.5591647331786542,0.44895833333333335
Vermont Catamounts,America East Conference,14-10,0.583,6-1,7-6,W6,24,70.4,25.7,56.1,45.7,8.3,24.2,34.1,10.8,15.7,69.1,7.0,24.8,31.8,13.3,6.0,2.5,9.9,15.4,67.3,14,10,1.0460624071322437,44.8,96.0,1.5714285714285716,0.4666666666666666
Binghamton Bearcats,America East Conference,11-13,0.45799999999999996,7-5,4-8,W2,23,68.2,25.3,56.5,44.8,5.0,17.1,29.3,12.6,17.7,71.1,9.6,24.5,34.1,11.2,4.8,3.1,13.0,18.2,71.0,11,13,0.9605633802816902,42.9,91.3,1.5897435897435899,0.46987951807228917
UMass Lowell River Hawks,America East Conference,20-6,0.769,13-0,7-6,W3,26,77.6,28.8,59.7,48.2,7.0,19.0,37.0,13.0,18.1,71.9,12.4,27.6,40.0,15.0,6.9,5.1,14.6,16.9,65.2,20,6,1.1901840490797544,48.8,96.80000000000001,1.5901639344262295,0.5041322314049586
UMBC Retrievers,America East Conference,17-10,0.63,13-2,4-8,W2,26,75.3,27.6,60.4,45.7,8.6,24.3,35.3,11.5,15.5,73.8,9.5,25.1,34.5,14.8,5.6,2.4,10.4,14.0,72.7,17,10,1.0357634112792296,47.7,100.2,1.5786163522012577,0.4760479041916168
Bryant Bulldogs,America East Conference,16-9,0.64,9-2,6-6,L1,24,82.0,28.7,61.2,46.9,8.7,24.3,35.7,16.0,21.0,76.2,10.5,29.0,39.5,14.3,7.3,3.5,13.6,17.1,73.0,16,9,1.1232876712328768,53.4,106.5,1.5355805243445693,0.5014084507042254
New Hampshire Wildcats,America East Conference,11-12,0.478,7-4,4-8,L2,23,67.3,23.7,59.3,39.9,8.5,24.3,34.9,11.4,16.6,68.6,10.7,26.5,37.1,12.2,5.2,2.4,10.0,15.1,66.0,11,12,1.0196969696969695,43.6,100.19999999999999,1.543577981651376,0.43512974051896214
NJIT Highlanders,America East Conference,7-17,0.292,5-6,2-11,W1,23,66.7,24.4,57.5,42.5,6.6,19.5,33.9,11.3,17.4,64.7,9.0,25.6,34.7,12.3,5.5,3.0,11.6,16.0,72.2,7,17,0.9238227146814404,42.3,94.4,1.5768321513002366,0.44809322033898297
Maine Black Bears,America East Conference,10-15,0.4,6-4,4-10,L2,24,69.9,26.6,57.2,46.5,7.2,20.2,35.7,9.4,12.6,74.6,7.5,23.4,30.9,14.5,9.5,2.0,12.2,15.1,69.3,10,15,1.0086580086580088,43.2,90.0,1.6180555555555556,0.48000000000000004
Albany Great Danes,America East Conference,6-21,0.222,3-6,2-14,L9,26,66.3,23.2,56.8,40.7,7.4,22.9,32.4,12.6,17.8,70.6,10.7,22.5,33.2,11.8,5.8,1.7,13.3,18.7,75.3,6,21,0.8804780876494024,43.2,97.49999999999999,1.534722222222222,0.44307692307692315
Houston Cougars,American Athletic Conference,23-2,0.92,13-2,8-0,W5,25,75.6,28.4,60.0,47.2,8.0,22.1,36.1,10.9,15.5,70.5,12.9,26.0,39.0,14.9,8.0,5.0,9.6,15.8,55.0,23,2,1.3745454545454545,47.3,97.6,1.5983086680761098,0.48463114754098363
Tulane Green Wave,American Athletic Conference,16-7,0.696,10-2,4-2,W4,23,82.2,28.4,60.5,46.9,7.6,22.8,33.4,17.8,22.3,79.9,6.6,26.8,33.4,15.9,9.2,3.9,11.2,16.0,75.7,16,7,1.0858652575957728,53.8,105.6,1.5278810408921935,0.509469696969697
Memphis Tigers,American Athletic Conference,18-6,0.75,10-1,5-4,W1,24,81.0,29.5,61.6,47.8,5.8,17.3,33.2,16.3,22.0,74.2,10.9,25.8,36.7,16.5,9.0,4.8,13.4,19.0,73.3,18,6,1.1050477489768076,51.599999999999994,100.9,1.5697674418604652,0.5113974231912785
Temple Owls,American Athletic Conference,14-11,0.56,7-6,5-3,L2,25,69.3,23.2,55.1,42.0,7.8,24.2,32.2,15.2,19.8,76.6,10.0,25.9,35.9,13.5,5.0,4.2,14.1,17.2,68.8,14,11,1.007267441860465,46.2,99.1,1.4999999999999998,0.46619576185671047
Cincinnati Bearcats,American Athletic Conference,16-9,0.64,12-3,3-4,L1,25,77.2,28.6,64.1,44.5,9.2,25.9,35.7,10.8,15.7,69.1,11.2,26.2,37.4,15.9,6.4,4.2,10.7,15.7,68.7,16,9,1.1237263464337701,48.599999999999994,105.7,1.5884773662551444,0.4597918637653736
UCF Knights,American Athletic Conference,14-9,0.609,9-4,3-4,W1,23,71.6,24.8,58.1,42.6,8.7,23.9,36.4,13.3,17.5,76.4,12.3,24.2,36.5,13.7,7.0,3.8,14.2,16.8,66.3,14,9,1.0799396681749622,46.8,99.5,1.5299145299145298,0.47035175879396984
Wichita State Shockers,American Athletic Conference,12-12,0.5,6-8,5-3,L1,24,68.7,24.8,57.5,43.1,6.4,21.8,29.2,12.8,17.8,71.7,10.0,26.4,36.3,11.8,5.9,4.1,12.0,14.8,66.7,12,12,1.0299850074962518,44.0,97.1,1.5613636363636365,0.45314109165808447
SMU Mustangs,American Athletic Conference,9-16,0.36,6-7,1-8,W1,25,69.4,24.9,59.7,41.8,6.5,20.6,31.6,13.0,19.4,67.4,10.0,25.4,35.4,13.4,6.7,3.6,12.9,17.4,74.1,9,16,0.9365721997300946,44.4,99.70000000000002,1.5630630630630633,0.44533600802407214
South Florida Bulls,American Athletic Conference,10-14,0.41700000000000004,7-8,2-5,L1,24,72.7,26.6,59.6,44.7,7.3,21.6,33.9,12.1,18.5,65.2,12.2,24.9,37.1,13.8,6.6,2.8,13.7,18.0,71.9,10,14,1.011126564673157,46.0,99.7,1.5804347826086957,0.4613841524573721
East Carolina Pirates,American Athletic Conference,12-12,0.5,8-5,1-6,W1,24,69.5,23.5,57.5,40.8,7.8,24.6,31.7,14.8,21.2,69.7,12.3,24.7,37.0,13.4,6.5,2.6,13.1,18.0,70.1,12,12,0.9914407988587732,46.1,103.3,1.5075921908893708,0.44627299128751213
Tulsa Golden Hurricane,American Athletic Conference,5-18,0.217,4-7,0-9,L5,23,67.7,25.1,59.5,42.2,7.9,25.1,31.3,9.7,14.8,65.3,9.0,23.4,32.4,12.1,5.5,1.7,13.2,16.1,77.0,5,18,0.8792207792207792,42.7,99.39999999999999,1.585480093676815,0.42957746478873243
VCU Rams,Atlantic 10 Conference,18-7,0.72,12-3,5-3,L1,25,70.0,24.1,53.0,45.5,6.0,17.9,33.3,15.8,22.5,70.3,9.2,23.4,32.7,12.4,9.3,4.2,14.3,16.0,63.2,18,7,1.1075949367088607,45.900000000000006,93.4,1.5250544662309367,0.4914346895074947
Dayton Flyers,Atlantic 10 Conference,17-9,0.654,13-1,3-5,W2,26,69.1,24.5,52.3,46.9,6.5,19.3,33.8,13.5,19.4,69.4,9.2,27.3,36.5,15.0,4.9,4.7,12.9,13.9,61.2,17,9,1.1290849673202612,44.5,91.0,1.5528089887640448,0.489010989010989
Fordham Rams,Atlantic 10 Conference,20-5,0.8,15-2,5-3,W2,24,72.4,24.3,57.3,42.4,7.5,23.6,31.7,16.4,21.6,75.7,10.3,26.2,36.5,12.9,7.8,5.1,13.5,18.8,67.3,20,5,1.0757800891530462,48.2,102.5,1.5020746887966805,0.4702439024390244
Saint Louis Billikens,Atlantic 10 Conference,16-9,0.64,11-3,4-5,L1,25,75.0,27.3,59.4,45.9,7.0,20.1,35.0,13.4,18.2,73.2,10.2,28.6,38.8,16.2,4.7,3.9,12.0,17.2,70.8,16,9,1.0593220338983051,47.699999999999996,97.7,1.5723270440251573,0.48822927328556803
Duquesne Dukes,Atlantic 10 Conference,17-8,0.68,14-3,2-5,W3,24,75.0,27.5,62.6,43.9,9.0,24.3,37.2,11.0,16.0,68.8,12.8,24.0,36.8,15.5,8.0,4.1,11.8,18.4,69.6,17,8,1.0775862068965518,47.5,102.9,1.5789473684210527,0.4616132167152575
Saint Joseph's Hawks,Atlantic 10 Conference,13-12,0.52,9-5,4-4,W2,24,72.3,25.3,59.2,42.7,8.9,26.5,33.5,12.9,19.4,66.5,10.9,24.5,35.4,12.4,6.7,3.1,13.0,18.0,71.7,13,12,1.00836820083682,47.1,105.1,1.5350318471337578,0.4481446241674596
St. Bonaventure Bonnies,Atlantic 10 Conference,13-13,0.5,10-3,2-8,L2,25,67.0,23.9,56.1,42.6,7.2,20.3,35.3,12.0,17.0,70.2,9.7,23.4,33.1,12.0,6.7,3.5,12.1,18.3,66.5,13,13,1.0075187969924813,43.099999999999994,93.4,1.5545243619489562,0.46145610278372584
La Salle Explorers,Atlantic 10 Conference,12-13,0.48,7-5,5-5,W4,24,68.9,24.9,60.0,41.5,7.2,21.5,33.6,12.0,17.1,70.0,11.0,24.1,35.1,12.2,7.3,3.3,13.0,17.5,72.2,12,13,0.9542936288088643,44.1,98.6,1.562358276643991,0.4472616632860041
George Washington Colonials,Atlantic 10 Conference,12-13,0.48,10-4,2-6,L1,24,76.5,27.0,57.3,47.0,7.8,23.4,33.1,14.8,20.1,73.7,8.9,25.7,34.6,12.8,5.7,3.2,13.0,16.3,76.3,12,13,1.0026212319790302,49.599999999999994,100.79999999999998,1.5423387096774195,0.4920634920634921
George Mason Patriots,Atlantic 10 Conference,14-12,0.5379999999999999,12-2,1-7,W1,25,69.6,24.8,54.4,45.6,7.8,21.4,36.3,12.3,19.1,64.4,9.4,26.9,36.4,14.3,4.6,3.4,14.2,16.9,68.3,14,12,1.0190336749633968,44.900000000000006,94.9,1.55011135857461,0.47312961011591154
Richmond Spiders,Atlantic 10 Conference,13-13,0.5,11-3,1-8,W1,25,69.7,23.9,54.6,43.8,8.4,24.5,34.2,13.5,18.2,74.1,7.1,26.1,33.2,12.3,5.7,2.4,11.7,15.0,68.1,13,13,1.023494860499266,45.8,97.3,1.5218340611353713,0.47070914696813976
Davidson Wildcats,Atlantic 10 Conference,11-13,0.45799999999999996,5-7,4-5,L1,23,70.6,25.0,56.0,44.7,6.7,20.5,32.9,13.7,18.7,73.7,8.2,24.5,32.7,13.3,5.6,1.5,11.5,15.7,69.1,11,13,1.0217076700434153,45.4,95.2,1.555066079295154,0.476890756302521
Rhode Island Rams,Atlantic 10 Conference,8-16,0.33299999999999996,7-5,0-9,L3,23,67.0,23.0,57.1,40.2,5.3,17.6,30.4,15.7,21.4,73.4,12.1,26.0,38.1,11.7,6.1,4.0,14.4,17.9,70.0,8,16,0.9571428571428572,44.0,96.1,1.5227272727272727,0.45785639958376695
UMass Minutemen,Atlantic 10 Conference,13-12,0.52,7-4,2-7,L4,24,71.6,25.5,60.5,42.1,6.3,18.3,34.4,14.3,20.4,70.1,12.8,25.1,37.9,14.5,6.8,3.8,13.9,17.9,72.0,13,12,0.9944444444444444,46.1,99.19999999999999,1.5531453362255963,0.46471774193548393
Loyola Chicago Ramblers,Atlantic 10 Conference,8-16,0.33299999999999996,6-5,1-7,L2,23,67.6,24.6,52.4,46.9,7.3,21.1,34.6,11.1,16.2,68.8,7.7,23.7,31.3,13.8,5.3,3.0,15.7,19.9,72.6,8,16,0.931129476584022,43.0,89.7,1.572093023255814,0.4793756967670011
Pittsburgh Panthers,Atlantic Coast Conference,18-7,0.72,11-3,7-2,W5,24,74.6,26.0,57.7,45.1,9.4,26.0,36.1,13.2,17.4,76.0,10.2,27.0,37.2,14.5,5.3,4.5,12.1,15.9,67.5,18,7,1.105185185185185,48.599999999999994,101.1,1.5349794238683128,0.48071216617210677
Virginia Cavaliers,Atlantic Coast Conference,19-4,0.826,12-1,5-3,W2,22,70.0,24.2,53.0,45.7,7.6,20.1,38.0,14.0,19.4,72.3,8.3,24.2,32.5,16.3,6.7,4.4,9.1,14.1,60.4,19,4,1.1589403973509933,45.8,92.5,1.5283842794759825,0.49513513513513513
Miami Hurricanes,Atlantic Coast Conference,19-5,0.792,13-0,5-4,W3,24,78.4,28.6,59.5,48.1,7.7,21.2,36.1,13.5,17.6,76.8,10.6,24.3,34.9,15.1,7.7,3.6,11.5,14.6,69.8,19,5,1.1232091690544415,49.800000000000004,98.30000000000001,1.5742971887550201,0.5066124109867751
Clemson Tigers,Atlantic Coast Conference,18-7,0.72,12-1,4-4,L3,24,73.8,25.7,55.7,46.1,8.0,21.9,36.4,14.4,18.0,80.3,7.1,27.8,34.9,14.3,5.4,3.2,11.6,17.7,67.1,18,7,1.0998509687034277,48.1,95.6,1.5343035343035343,0.5031380753138076
NC State Wolfpack,Atlantic Coast Conference,20-6,0.769,13-1,4-4,W1,25,78.4,28.5,63.8,44.7,8.4,23.9,34.9,13.1,18.1,72.2,11.6,25.8,37.5,13.4,8.2,4.9,9.8,17.6,69.3,20,6,1.1313131313131315,50.0,105.79999999999998,1.568,0.47258979206049156
Duke Blue Devils,Atlantic Coast Conference,17-8,0.68,12-0,2-6,L2,24,71.9,25.8,59.1,43.7,6.7,20.7,32.4,13.5,17.8,76.3,13.3,26.3,39.6,14.6,5.7,4.9,12.5,15.3,64.1,17,8,1.121684867394696,46.0,97.6,1.5630434782608698,0.4713114754098361
North Carolina Tar Heels,Atlantic Coast Conference,16-9,0.64,11-1,2-6,W1,24,77.9,26.9,60.9,44.1,6.6,21.6,30.5,17.6,23.8,73.8,11.1,28.7,39.8,12.3,5.8,3.9,11.0,17.0,72.2,16,9,1.0789473684210527,51.1,106.3,1.5244618395303327,0.48071495766698025
Wake Forest Demon Deacons,Atlantic Coast Conference,16-9,0.64,11-2,4-5,W2,25,78.0,26.9,57.9,46.4,9.2,24.8,36.9,15.0,20.1,74.8,8.3,26.5,34.8,12.9,6.2,2.6,11.6,16.3,73.2,16,9,1.0655737704918031,51.099999999999994,102.80000000000001,1.5264187866927594,0.4970817120622567
Syracuse Orange,Atlantic Coast Conference,15-10,0.6,9-5,5-4,W2,25,74.6,27.6,58.8,47.0,6.2,17.3,35.8,13.1,17.8,73.9,10.2,25.2,35.4,14.9,7.6,5.4,11.7,13.8,70.3,15,10,1.061166429587482,46.900000000000006,93.89999999999999,1.5906183368869933,0.4994675186368478
Boston College Eagles,Atlantic Coast Conference,12-14,0.462,8-6,2-6,L1,25,66.5,24.8,57.2,43.4,5.4,17.7,30.7,11.4,15.9,71.9,9.5,23.5,33.0,12.5,6.6,3.7,12.0,15.7,69.7,12,14,0.9540889526542324,41.6,90.80000000000001,1.5985576923076923,0.45814977973568277
Florida State Seminoles,Atlantic Coast Conference,8-18,0.308,5-9,3-5,L2,25,70.0,25.2,57.3,44.0,6.7,19.7,34.1,12.9,17.8,72.5,8.6,23.1,31.7,14.2,5.9,4.1,12.3,16.2,75.3,8,18,0.9296148738379815,44.8,94.8,1.5625,0.47257383966244726
Virginia Tech Hokies,Atlantic Coast Conference,15-10,0.6,11-3,1-7,W1,24,74.0,27.5,58.4,47.1,8.0,22.7,35.2,11.0,14.9,73.5,8.5,25.9,34.3,15.3,5.2,3.5,10.2,15.6,68.1,15,10,1.0866372980910426,46.5,96.0,1.5913978494623655,0.484375
Notre Dame Fighting Irish,Atlantic Coast Conference,10-15,0.4,10-7,0-6,L3,24,70.3,25.6,57.3,44.7,9.0,24.6,36.6,10.1,13.3,75.9,6.8,24.3,31.0,12.3,4.7,2.7,8.8,13.4,71.9,10,15,0.9777468706536856,44.7,95.2,1.5727069351230423,0.4695378151260504
Georgia Tech Yellow Jackets,Atlantic Coast Conference,9-15,0.375,8-6,1-7,W1,24,67.2,25.3,61.2,41.3,6.9,22.1,31.3,9.7,14.2,68.5,10.9,24.6,35.5,13.3,5.9,4.3,11.4,16.3,71.0,9,15,0.9464788732394367,41.900000000000006,97.50000000000001,1.6038186157517897,0.4297435897435897
Louisville Cardinals,Atlantic Coast Conference,3-21,0.125,3-11,0-7,L2,24,63.1,21.8,53.2,41.0,6.5,19.7,33.1,13.0,18.0,72.3,9.3,23.3,32.6,9.4,4.9,2.8,16.0,16.4,75.4,3,21,0.8368700265251989,41.3,90.9,1.5278450363196128,0.4543454345434543
Texas Longhorns,Big 12 Conference,20-5,0.8,14-1,4-3,W1,24,79.4,29.0,60.5,48.0,7.0,21.1,33.0,14.4,19.2,75.0,10.1,24.8,34.9,16.1,7.9,4.0,12.3,18.1,68.5,20,5,1.159124087591241,50.4,100.8,1.5753968253968256,0.5
Baylor Bears,Big 12 Conference,19-6,0.76,12-2,4-3,W3,24,79.0,26.4,59.0,44.8,9.2,25.9,35.6,17.0,22.7,74.9,12.5,23.7,36.2,15.2,7.1,2.6,12.0,17.5,69.2,19,6,1.1416184971098264,52.599999999999994,107.60000000000001,1.5019011406844107,0.4888475836431226
Kansas Jayhawks,Big 12 Conference,20-5,0.8,12-1,5-3,W2,24,76.1,27.8,60.0,46.2,7.3,20.8,35.3,13.3,18.2,72.8,10.5,26.5,37.0,16.8,8.7,4.1,12.5,17.0,68.5,20,5,1.110948905109489,48.400000000000006,99.0,1.5723140495867765,0.48888888888888893
Iowa State Cyclones,Big 12 Conference,16-7,0.696,12-0,2-6,L1,23,70.7,26.8,58.0,46.3,6.7,19.3,35.0,10.3,15.5,66.9,11.3,22.3,33.5,15.1,9.3,3.0,12.9,19.3,61.7,16,7,1.1458670988654782,43.8,92.8,1.6141552511415527,0.4719827586206896
Kansas State Wildcats,Big 12 Conference,19-5,0.792,13-1,3-4,W1,24,76.9,26.6,58.3,45.6,7.1,20.2,35.3,16.6,22.1,75.1,10.7,25.3,36.0,17.2,7.8,2.8,14.0,17.5,68.0,19,5,1.1308823529411764,50.300000000000004,100.6,1.52882703777336,0.5000000000000001
Oklahoma State Cowboys,Big 12 Conference,15-9,0.625,11-2,3-5,W4,24,69.4,24.9,56.6,44.0,6.9,21.5,32.2,12.7,18.0,70.5,10.8,26.3,37.0,13.1,6.1,5.3,14.2,17.1,63.7,15,9,1.0894819466248038,44.5,96.1,1.559550561797753,0.46305931321540067
TCU Horned Frogs,Big 12 Conference,17-8,0.68,11-3,3-5,L3,24,76.6,28.0,60.8,46.0,5.1,17.9,28.7,15.5,21.6,71.6,11.5,24.7,36.2,16.2,8.8,4.9,12.2,15.9,66.6,17,8,1.15015015015015,48.6,100.29999999999998,1.5761316872427982,0.48454636091724834
West Virginia Mountaineers,Big 12 Conference,15-10,0.6,11-3,2-6,L1,24,77.5,26.2,57.1,45.9,7.3,20.5,35.4,17.8,24.5,72.7,10.9,23.3,34.2,13.4,6.4,3.2,12.5,19.2,69.2,15,10,1.119942196531792,51.3,102.1,1.510721247563353,0.5024485798237023
Oklahoma Sooners,Big 12 Conference,12-13,0.48,7-6,1-6,L4,24,68.0,25.2,53.3,47.3,6.7,19.0,35.3,11.0,15.2,72.3,6.9,25.5,32.4,13.3,5.4,3.2,13.1,16.0,67.0,12,13,1.0149253731343284,42.9,87.5,1.5850815850815851,0.49028571428571427
Texas Tech Red Raiders,Big 12 Conference,12-12,0.5,9-4,1-6,L2,24,74.0,26.0,56.3,46.2,7.2,21.3,33.8,14.7,20.7,70.8,10.4,24.3,34.7,13.5,7.9,3.0,13.9,15.6,68.5,12,12,1.0802919708029197,47.900000000000006,98.3,1.544885177453027,0.48728382502543244
Marquette Golden Eagles,Big East Conference,20-6,0.769,13-1,6-4,W1,25,80.9,30.1,60.5,49.8,8.8,25.0,35.0,11.9,16.7,71.2,8.7,22.8,31.6,17.6,9.5,3.6,11.0,16.1,70.5,20,6,1.147517730496454,50.800000000000004,102.2,1.5925196850393701,0.4970645792563601
Xavier Musketeers,Big East Conference,19-6,0.76,13-1,5-3,L1,25,83.2,30.8,61.6,50.0,7.6,18.8,40.1,13.9,19.4,71.8,10.3,27.2,37.5,20.6,7.0,3.6,13.0,16.1,75.7,19,6,1.0990752972258917,52.3,99.80000000000001,1.5908221797323137,0.5240480961923847
Creighton Bluejays,Big East Conference,17-8,0.68,12-1,3-4,W8,24,76.8,27.9,59.0,47.3,8.7,24.5,35.4,12.3,16.5,74.2,8.7,28.9,37.6,16.0,5.3,4.6,11.5,12.8,67.0,17,8,1.146268656716418,48.89999999999999,100.0,1.570552147239264,0.48899999999999993
Providence Friars,Big East Conference,18-7,0.72,13-0,5-5,L1,24,78.4,27.7,59.2,46.8,6.3,18.3,34.6,16.7,22.5,74.1,12.3,27.3,39.6,14.9,6.9,4.8,12.5,15.2,68.6,18,7,1.142857142857143,50.7,100.0,1.5463510848126234,0.507
Seton Hall Pirates,Big East Conference,15-10,0.6,9-4,5-4,L1,25,69.1,23.8,54.2,44.0,5.8,18.1,32.2,15.6,23.1,67.5,11.0,25.0,35.9,12.2,8.5,4.5,14.1,17.8,64.5,15,10,1.0713178294573642,45.2,95.4,1.5287610619469025,0.47379454926624737
UConn Huskies,Big East Conference,19-7,0.731,12-2,4-5,L1,25,79.6,27.7,60.3,45.9,9.2,25.3,36.2,15.1,20.2,74.5,13.2,26.0,39.2,17.5,6.7,4.8,12.7,19.0,65.0,19,7,1.2246153846153844,52.0,105.8,1.5307692307692307,0.4914933837429112
Villanova Wildcats,Big East Conference,11-13,0.45799999999999996,7-3,3-7,W1,24,70.2,23.8,54.0,44.0,8.8,26.3,33.3,13.9,16.8,82.6,7.3,24.4,31.7,11.2,5.5,1.5,10.7,16.1,68.4,11,13,1.026315789473684,46.5,97.1,1.5096774193548388,0.47888774459320294
St. John's Red Storm,Big East Conference,15-11,0.5770000000000001,11-4,1-7,W1,25,76.6,29.6,65.0,45.5,5.9,17.6,33.6,11.6,17.3,66.9,12.7,26.6,39.3,15.2,8.6,3.6,13.4,16.3,74.3,15,11,1.0309555854643337,47.1,99.89999999999999,1.6263269639065816,0.4714714714714715
Butler Bulldogs,Big East Conference,13-13,0.5,10-4,2-7,W2,26,66.6,24.3,54.8,44.4,6.8,19.4,34.9,11.2,15.2,73.2,6.5,23.7,30.2,12.7,6.8,4.6,12.2,13.1,67.7,13,13,0.9837518463810929,42.3,89.39999999999999,1.574468085106383,0.4731543624161074
DePaul Blue Demons,Big East Conference,9-16,0.36,7-5,2-9,L6,25,71.1,25.0,59.0,42.3,8.3,23.5,35.4,12.8,17.0,75.1,9.3,23.1,32.4,13.5,6.4,4.0,12.7,18.6,76.1,9,16,0.9342969776609724,46.099999999999994,99.5,1.542299349240781,0.4633165829145728
Georgetown Hoyas,Big East Conference,6-20,0.231,5-10,0-9,L5,25,70.8,26.2,60.3,43.4,5.6,17.9,31.3,12.8,18.2,70.3,11.0,25.1,36.2,11.7,5.8,4.7,12.1,14.6,77.1,6,20,0.9182879377431907,44.599999999999994,96.39999999999999,1.587443946188341,0.462655601659751
Eastern Washington Eagles,Big Sky Conference,18-7,0.72,9-0,7-5,W14,25,77.0,27.7,56.1,49.3,8.6,24.2,35.4,13.1,17.2,76.1,9.0,27.3,36.3,15.4,5.5,3.0,13.8,17.9,70.9,18,7,1.086036671368124,49.4,97.5,1.5587044534412955,0.5066666666666666
Montana State Bobcats,Big Sky Conference,17-9,0.654,9-1,8-5,L1,26,74.4,26.0,54.6,47.7,6.7,19.7,33.8,15.7,21.0,74.5,8.3,25.1,33.4,13.3,6.5,3.0,11.9,18.2,66.5,17,9,1.1187969924812031,48.400000000000006,95.3,1.537190082644628,0.5078698845750264
Weber State Wildcats,Big Sky Conference,13-12,0.52,7-2,5-8,W1,25,66.6,23.0,51.4,44.8,6.8,20.0,33.9,13.8,18.0,76.8,6.3,24.5,30.8,10.8,5.9,1.4,13.3,18.0,67.8,13,12,0.9823008849557522,43.6,89.4,1.5275229357798163,0.48769574944071586
Montana Grizzlies,Big Sky Conference,13-12,0.52,7-4,4-8,W4,25,68.4,24.1,53.1,45.3,7.8,21.4,36.7,12.4,15.9,77.8,7.4,23.4,30.8,12.2,4.6,2.4,11.0,18.0,67.6,13,12,1.0118343195266273,44.300000000000004,90.4,1.5440180586907448,0.49004424778761063
Idaho State Bengals,Big Sky Conference,9-16,0.36,5-6,4-9,L1,25,69.8,24.7,55.9,44.1,8.0,23.9,33.5,12.4,16.8,73.8,8.1,23.5,31.6,11.8,6.1,2.7,11.7,17.6,71.1,9,16,0.9817158931082982,45.1,96.6,1.5476718403547671,0.46687370600414085
Sacramento State Hornets,Big Sky Conference,12-13,0.48,8-3,4-7,L4,25,66.9,24.6,55.4,44.4,7.1,20.2,35.1,10.6,15.5,68.7,11.5,24.7,36.2,13.7,4.6,2.9,13.4,14.9,68.2,12,13,0.9809384164222874,42.300000000000004,91.1,1.5815602836879432,0.464324917672887
Northern Colorado Bears,Big Sky Conference,9-16,0.36,4-6,3-10,W2,25,72.0,25.2,57.3,44.1,8.5,23.7,36.0,13.0,17.8,73.2,8.0,24.8,32.8,11.8,5.1,1.5,12.3,18.6,77.3,9,16,0.9314359637774904,46.7,98.8,1.5417558886509635,0.472672064777328
Portland State Vikings,Big Sky Conference,10-16,0.385,5-5,4-9,L3,25,76.3,26.7,60.5,44.2,7.7,22.9,33.7,15.1,20.6,73.4,10.0,22.2,32.2,13.7,7.5,3.0,12.2,22.4,74.7,10,16,1.0214190093708164,49.5,104.0,1.5414141414141413,0.47596153846153844
Northern Arizona Lumberjacks,Big Sky Conference,8-19,0.29600000000000004,7-6,1-12,W2,26,71.7,25.7,60.3,42.6,8.3,23.0,36.3,12.0,16.3,73.5,10.2,24.8,35.0,14.3,5.2,1.6,11.2,18.6,73.9,8,19,0.9702300405953992,46.0,99.6,1.558695652173913,0.46184738955823296
Idaho Vandals,Big Sky Conference,9-16,0.36,5-7,4-9,W1,25,75.9,26.9,55.2,48.7,7.4,20.8,35.5,14.8,19.6,75.5,7.0,23.8,30.8,12.6,5.1,1.8,11.6,17.1,72.7,9,16,1.0440165061898212,49.099999999999994,95.6,1.5458248472505094,0.5135983263598326
UNC Asheville Bulldogs,Big South Conference,20-7,0.741,11-0,8-6,W2,26,75.5,26.2,55.2,47.5,8.2,21.0,38.8,15.0,21.8,68.6,8.6,26.2,34.8,13.0,6.7,4.1,14.4,16.7,69.8,20,7,1.0816618911174785,49.4,98.0,1.5283400809716599,0.5040816326530612
Radford Highlanders,Big South Conference,16-10,0.615,9-2,6-8,L1,26,69.8,25.8,55.8,46.2,6.5,18.3,35.8,11.7,17.4,67.1,10.1,23.5,33.6,12.1,7.3,3.1,12.2,16.8,63.8,16,10,1.0940438871473355,44.0,91.5,1.5863636363636362,0.4808743169398907
Gardner-Webb Runnin' Bulldogs,Big South Conference,15-11,0.5770000000000001,8-3,6-8,W7,25,70.6,26.4,56.2,47.1,6.5,19.0,34.1,11.3,18.3,61.7,9.5,25.4,34.8,13.2,7.3,4.8,12.4,18.9,62.8,15,11,1.1242038216560508,44.2,93.5,1.597285067873303,0.4727272727272728
Longwood Lancers,Big South Conference,17-9,0.654,11-2,6-7,W2,26,73.9,26.3,57.2,45.9,7.8,21.5,36.1,13.6,19.0,71.5,11.0,24.1,35.2,12.8,6.4,2.2,12.2,16.2,65.3,17,9,1.1316998468606434,47.7,97.7,1.549266247379455,0.4882292732855681
South Carolina Upstate Spartans,Big South Conference,11-13,0.45799999999999996,9-2,2-11,W2,24,68.6,25.2,54.0,46.6,6.5,18.7,34.7,11.8,18.0,65.1,8.3,22.9,31.3,11.9,7.4,4.5,14.3,20.1,69.7,11,13,0.9842180774748923,43.5,90.7,1.5770114942528735,0.4796030871003307
Winthrop Eagles,Big South Conference,11-15,0.423,8-3,2-11,L2,26,72.3,24.2,52.0,46.6,8.8,23.7,37.0,15.1,20.4,74.0,8.3,22.9,31.2,11.9,5.6,3.3,14.7,16.9,73.4,11,15,0.9850136239782015,48.1,96.1,1.503118503118503,0.5005202913631634
Campbell Fighting Camels,Big South Conference,11-15,0.423,6-6,4-8,L1,25,68.3,23.8,51.9,45.8,6.8,20.7,33.0,14.0,19.9,70.2,7.8,23.6,31.4,12.5,6.4,2.7,12.3,15.6,68.1,11,15,1.0029368575624082,44.6,92.5,1.5313901345291479,0.4821621621621622
Charleston Southern Buccaneers,Big South Conference,8-16,0.33299999999999996,5-6,3-10,L3,24,74.0,26.5,59.3,44.7,8.6,24.1,35.6,12.4,16.7,74.3,11.8,23.6,35.4,12.2,5.2,2.5,12.0,18.0,74.5,8,16,0.9932885906040269,47.5,100.10000000000001,1.5578947368421052,0.4745254745254745
High Point Panthers,Big South Conference,11-14,0.44,8-4,1-10,L1,25,75.1,26.4,59.2,44.5,7.5,23.1,32.4,14.8,23.9,62.1,11.5,26.6,38.1,12.4,6.2,4.6,14.7,18.8,78.7,11,14,0.95425667090216,48.7,106.20000000000002,1.5420944558521559,0.45856873822975514
Presbyterian Blue Hose,Big South Conference,5-22,0.185,5-7,0-13,L13,26,63.2,22.5,53.9,41.7,5.8,19.5,29.7,12.5,19.8,63.1,10.9,22.4,33.3,10.8,5.7,3.1,13.0,18.9,68.8,5,22,0.9186046511627908,40.8,93.2,1.5490196078431375,0.4377682403433476
Purdue Boilermakers,Big Ten Conference,23-2,0.92,12-1,6-1,W1,25,74.6,26.2,56.0,46.7,7.4,21.7,34.1,14.8,19.7,75.4,12.4,27.1,39.5,15.7,4.7,4.0,11.2,13.2,61.6,23,2,1.211038961038961,48.400000000000006,97.4,1.5413223140495864,0.4969199178644764
Northwestern Wildcats,Big Ten Conference,17-7,0.708,10-4,6-2,W2,24,68.4,23.6,57.8,40.9,7.7,23.9,32.1,13.5,18.1,74.4,10.4,24.9,35.3,13.5,7.9,4.4,10.3,16.1,62.1,17,7,1.1014492753623188,44.8,99.79999999999998,1.5267857142857144,0.4488977955911824
Indiana Hoosiers,Big Ten Conference,17-7,0.708,13-1,3-5,W2,24,77.1,29.1,58.6,49.7,6.3,16.6,38.2,12.5,17.8,70.7,9.8,27.2,37.0,15.9,5.8,5.5,12.1,17.3,67.3,17,7,1.1456166419019316,47.9,93.0,1.6096033402922756,0.5150537634408602
Michigan Wolverines,Big Ten Conference,14-10,0.583,10-3,2-4,W3,24,74.2,26.8,59.3,45.2,7.9,22.3,35.3,12.7,18.3,69.5,8.8,27.3,36.1,13.1,4.9,4.4,9.8,15.3,69.6,14,10,1.0660919540229887,47.400000000000006,99.89999999999999,1.5654008438818565,0.47447447447447455
Illinois Fighting Illini,Big Ten Conference,17-7,0.708,12-2,3-3,W1,23,75.2,27.0,59.3,45.5,8.1,25.5,31.7,13.2,19.6,67.3,11.8,27.0,38.8,13.4,7.0,5.9,13.4,16.9,64.1,17,7,1.1731669266770672,48.3,104.4,1.5569358178053831,0.4626436781609195
Rutgers Scarlet Knights,Big Ten Conference,16-9,0.64,14-2,2-6,L2,24,70.5,25.8,59.2,43.7,5.8,18.1,32.2,13.0,17.8,72.9,11.8,26.3,38.1,15.6,9.3,3.9,11.9,16.0,58.7,16,9,1.201022146507666,44.6,95.10000000000001,1.5807174887892377,0.4689800210304942
Maryland Terrapins,Big Ten Conference,17-8,0.68,13-1,2-6,W1,24,70.6,25.0,55.9,44.6,6.5,21.4,30.2,14.3,19.3,73.9,10.1,24.6,34.7,11.2,5.7,3.6,10.9,16.2,62.5,17,8,1.1296,45.8,96.6,1.5414847161572052,0.474120082815735
Michigan State Spartans,Big Ten Conference,15-9,0.625,10-2,2-5,W1,24,68.1,25.3,57.3,44.1,6.9,18.5,37.3,10.7,14.5,74.1,9.0,27.6,36.6,14.7,4.9,3.0,11.1,16.8,65.6,15,9,1.038109756097561,42.900000000000006,90.3,1.587412587412587,0.4750830564784054
Iowa Hawkeyes,Big Ten Conference,15-9,0.625,12-2,2-5,L1,24,81.1,28.5,62.4,45.8,8.0,22.8,34.9,16.1,21.5,74.8,11.6,25.1,36.7,16.5,6.6,3.8,10.3,14.5,74.1,15,9,1.0944669365721997,52.6,106.7,1.541825095057034,0.492970946579194
Wisconsin Badgers,Big Ten Conference,14-10,0.583,7-4,4-5,L1,23,65.1,23.7,56.3,42.1,8.5,23.3,36.6,9.2,14.1,64.9,7.1,23.5,30.6,12.0,6.6,1.5,8.9,15.7,63.2,14,10,1.0300632911392404,41.400000000000006,93.69999999999999,1.5724637681159417,0.4418356456776949
Penn State Nittany Lions,Big Ten Conference,14-11,0.56,11-2,1-7,L4,24,72.6,26.9,58.3,46.1,10.8,28.1,38.4,8.0,10.5,75.5,5.8,26.8,32.5,14.7,5.0,2.2,8.7,15.7,67.9,14,11,1.0692194403534607,45.7,96.9,1.5886214442013127,0.4716202270381837
Nebraska Cornhuskers,Big Ten Conference,12-14,0.462,9-3,2-9,W1,25,66.0,25.0,55.9,44.7,6.4,20.3,31.5,9.6,15.3,62.6,8.8,25.8,34.6,13.3,5.5,2.3,12.8,13.7,69.3,12,14,0.9523809523809524,41.0,91.5,1.6097560975609757,0.44808743169398907
Ohio State Buckeyes,Big Ten Conference,11-13,0.45799999999999996,8-4,1-7,L5,24,75.0,28.0,60.4,46.3,6.7,18.2,36.6,12.5,17.3,72.2,11.8,26.7,38.5,11.9,5.1,3.7,11.0,16.3,68.0,11,13,1.1029411764705883,47.2,95.89999999999999,1.5889830508474576,0.49217935349322217
Minnesota Golden Gophers,Big Ten Conference,7-15,0.318,5-8,1-6,L7,22,61.1,22.5,54.2,41.4,6.0,20.0,30.0,10.2,16.7,60.9,9.1,24.9,34.0,13.5,4.9,4.0,12.9,14.5,69.3,7,15,0.8816738816738817,38.7,90.9,1.5788113695090438,0.42574257425742573
UC Santa Barbara Gauchos,Big West Conference,19-4,0.826,9-1,8-3,W1,23,70.7,26.0,53.3,48.8,5.4,16.3,33.4,13.1,18.7,70.2,9.3,24.6,33.8,13.9,7.0,2.6,12.6,15.9,62.8,19,4,1.1257961783439492,44.5,88.3,1.5887640449438203,0.5039637599093998
UC Irvine Anteaters,Big West Conference,16-8,0.667,8-3,6-5,W1,24,76.2,28.2,59.8,47.2,7.3,19.1,38.1,12.5,17.6,71.1,9.9,27.3,37.3,14.8,7.3,2.6,12.4,19.3,66.6,16,8,1.1441441441441442,48.0,96.5,1.5875000000000001,0.49740932642487046
Hawai'i Rainbow Warriors,Big West Conference,18-7,0.72,12-3,3-3,W2,25,68.0,23.9,54.7,43.7,6.5,20.0,32.3,13.7,18.3,74.7,9.8,25.0,34.9,10.9,4.9,3.9,12.0,16.0,62.0,18,7,1.096774193548387,44.099999999999994,93.0,1.541950113378685,0.4741935483870967
UC Riverside Highlanders,Big West Conference,16-9,0.64,7-3,6-6,W1,25,71.8,26.3,60.1,43.8,8.3,22.9,36.1,10.8,15.6,69.3,11.4,26.3,37.8,13.1,4.9,1.8,12.6,18.4,68.4,16,9,1.0497076023391811,45.400000000000006,98.6,1.5814977973568278,0.46044624746450313
Long Beach State Beach,Big West Conference,14-11,0.56,7-4,5-6,L1,25,76.8,29.5,65.4,45.1,4.3,15.2,28.4,13.5,20.2,66.6,13.9,28.5,42.4,14.9,7.5,3.5,13.9,16.9,73.8,14,11,1.0406504065040652,47.3,100.80000000000001,1.6236786469344608,0.4692460317460317
UC Davis Aggies,Big West Conference,14-10,0.583,7-3,4-7,L1,24,75.2,26.0,56.5,46.1,6.9,19.4,35.4,16.2,23.8,68.2,11.9,25.0,36.9,13.0,6.9,2.8,15.2,18.6,70.1,14,10,1.072753209700428,49.099999999999994,99.7,1.5315682281059066,0.4924774322968906
Cal State Fullerton Titans,Big West Conference,13-12,0.52,10-2,3-8,W1,25,68.8,23.4,55.3,42.4,7.9,21.3,37.2,14.0,20.5,68.6,9.6,24.4,33.9,10.7,6.6,2.6,12.7,17.8,65.0,13,12,1.0584615384615383,45.3,97.1,1.5187637969094923,0.466529351184346
Cal State Bakersfield Roadrunners,Big West Conference,9-15,0.375,6-5,2-9,W3,24,61.0,22.4,52.9,42.3,4.5,12.8,34.9,11.8,15.6,75.7,9.3,23.0,32.2,10.8,5.8,2.9,12.8,18.5,64.0,9,15,0.953125,38.7,81.3,1.5762273901808785,0.4760147601476015
UC San Diego Tritons,Big West Conference,8-17,0.32,3-8,5-8,L4,25,66.9,24.3,57.4,42.3,7.2,22.7,31.7,11.2,15.5,72.1,8.7,24.9,33.6,11.7,6.0,2.3,12.2,15.8,71.9,8,17,0.9304589707927677,42.7,95.6,1.5667447306791569,0.44665271966527204
Cal State Northridge Matadors,Big West Conference,6-19,0.24,6-6,0-11,W1,24,63.5,22.1,55.6,39.7,5.8,18.5,31.2,13.5,18.2,74.3,10.2,23.5,33.7,9.9,6.6,3.0,11.8,18.7,67.8,6,19,0.9365781710914455,41.400000000000006,92.3,1.5338164251207727,0.44853737811484296
Cal Poly Mustangs,Big West Conference,7-19,0.26899999999999996,6-7,1-12,L13,25,60.3,21.7,52.4,41.5,5.6,18.8,29.8,11.2,14.9,75.5,8.7,24.2,32.8,10.0,5.6,2.4,14.2,19.6,65.4,7,19,0.9220183486238531,38.5,86.10000000000001,1.5662337662337662,0.4471544715447154
Hofstra Pride,Colonial Athletic Association,19-8,0.7040000000000001,8-1,9-5,W7,26,73.9,28.2,58.6,48.0,8.6,23.5,36.6,9.0,12.1,74.3,7.1,25.7,32.8,14.1,6.1,4.0,10.9,14.0,67.9,19,8,1.0883652430044182,45.8,94.19999999999999,1.6135371179039304,0.4861995753715499
Charleston Cougars,Colonial Athletic Association,24-3,0.889,14-1,10-2,W3,26,80.3,27.7,63.5,43.5,10.0,30.3,33.0,15.0,20.3,73.9,14.1,26.3,40.4,13.5,7.3,3.3,12.4,16.8,68.5,24,3,1.1722627737226277,52.7,114.1,1.523719165085389,0.46187554776511835
UNC Wilmington Seahawks,Colonial Athletic Association,19-7,0.731,9-2,7-5,L1,26,69.0,23.9,53.7,44.5,6.2,18.8,33.1,15.0,20.8,72.3,10.1,23.6,33.7,11.0,6.7,2.9,11.8,18.2,63.5,19,7,1.0866141732283465,45.099999999999994,93.3,1.5299334811529934,0.4833869239013933
Towson Tigers,Colonial Athletic Association,17-9,0.654,8-2,7-5,L1,25,70.6,25.6,58.0,44.1,7.1,19.7,36.0,12.3,17.3,71.1,12.6,24.4,37.0,14.0,6.2,3.5,11.8,15.6,65.6,17,9,1.076219512195122,45.0,95.0,1.5688888888888888,0.47368421052631576
Drexel Dragons,Colonial Athletic Association,15-11,0.5770000000000001,11-2,3-7,W2,25,66.4,24.4,57.0,42.8,7.5,23.6,31.9,10.1,15.0,67.4,10.6,24.4,35.0,12.2,5.9,3.2,11.3,14.2,62.1,15,11,1.069243156199678,42.0,95.6,1.580952380952381,0.43933054393305443
North Carolina A&T Aggies,Colonial Athletic Association,12-15,0.444,7-4,4-8,L1,26,71.3,25.5,59.3,42.9,8.3,24.8,33.4,12.1,17.8,68.0,8.5,26.0,34.6,11.9,7.5,2.7,12.2,17.0,73.1,12,15,0.9753761969904241,45.9,101.89999999999999,1.5533769063180827,0.45044160942100103
Stony Brook Seawolves,Colonial Athletic Association,9-17,0.34600000000000003,6-6,3-10,W1,25,62.8,21.5,52.4,41.1,8.0,24.7,32.4,11.7,15.8,74.0,7.6,25.7,33.3,11.7,4.2,2.4,12.0,14.7,68.5,9,17,0.9167883211678832,41.2,92.89999999999999,1.524271844660194,0.44348762109795486
Northeastern Huskies,Colonial Athletic Association,8-15,0.348,4-6,3-8,L5,23,66.0,24.0,56.8,42.2,7.6,21.9,34.5,10.5,15.7,66.9,10.7,25.8,36.4,13.0,5.0,4.1,14.4,16.5,70.7,8,15,0.9335219236209334,42.1,94.39999999999999,1.5676959619952493,0.4459745762711865
Delaware Blue Hens,Colonial Athletic Association,12-14,0.462,8-5,2-9,L3,26,69.2,24.7,56.0,44.0,6.3,20.1,31.4,13.6,18.8,72.4,8.8,24.1,32.9,12.3,6.9,4.2,11.8,16.8,70.3,12,14,0.9843527738264581,44.6,94.89999999999999,1.5515695067264574,0.469968387776607
Elon Phoenix,Colonial Athletic Association,6-20,0.231,4-7,2-11,W1,25,66.1,23.8,56.8,41.9,7.1,23.2,30.5,11.3,15.6,72.4,9.0,24.8,33.8,12.7,6.5,2.0,12.5,16.5,71.9,6,20,0.9193324061196104,42.2,95.6,1.5663507109004737,0.4414225941422595
Monmouth Hawks,Colonial Athletic Association,5-21,0.192,2-9,3-12,L1,25,59.0,21.9,55.4,39.5,3.9,14.7,26.6,11.4,17.8,63.7,10.9,21.4,32.3,11.0,8.4,2.8,14.9,19.3,74.8,5,21,0.7887700534759359,37.199999999999996,87.89999999999999,1.5860215053763442,0.42320819112627983
William & Mary Tribe,Colonial Athletic Association,9-17,0.34600000000000003,8-5,1-12,L4,25,68.3,24.6,55.7,44.3,7.3,19.7,37.2,11.7,17.6,66.4,10.7,23.5,34.2,12.3,5.9,2.2,12.5,16.6,71.2,9,17,0.9592696629213482,43.6,93.0,1.56651376146789,0.46881720430107526
Hampton Pirates,Colonial Athletic Association,6-20,0.231,5-6,1-10,L3,25,68.2,23.4,59.6,39.2,7.3,22.2,32.8,14.2,20.8,68.4,10.4,23.4,33.8,11.1,4.5,3.2,11.0,18.4,77.2,6,20,0.883419689119171,44.9,102.6,1.5189309576837418,0.43762183235867447
Florida Atlantic Owls,Conference USA,24-2,0.9229999999999999,15-0,9-2,W3,25,77.5,27.7,59.5,46.6,9.6,26.4,36.4,12.5,17.5,71.2,10.7,28.2,38.9,14.9,6.8,2.4,11.7,15.9,64.7,24,2,1.1978361669242659,49.8,103.4,1.5562248995983936,0.4816247582205028
North Texas Mean Green,Conference USA,20-5,0.8,9-2,7-2,W5,25,63.1,21.8,51.8,42.1,7.4,21.3,34.5,12.1,16.8,72.3,11.4,22.4,33.8,11.0,6.6,2.7,11.7,16.4,56.1,20,5,1.124777183600713,41.300000000000004,89.89999999999999,1.5278450363196125,0.45939933259176874
UAB Blazers,Conference USA,18-8,0.6920000000000001,14-2,2-5,W1,25,81.8,28.6,63.0,45.4,6.9,19.5,35.5,17.8,24.2,73.3,13.9,27.5,41.4,15.2,8.2,4.3,13.2,17.6,71.2,18,8,1.148876404494382,53.3,106.7,1.5347091932457786,0.4995313964386129
Middle Tennessee Blue Raiders,Conference USA,15-11,0.5770000000000001,9-2,3-9,L2,25,71.7,26.8,57.4,46.7,7.1,20.6,34.3,11.0,16.4,67.2,10.9,22.5,33.4,11.5,8.0,4.8,13.9,18.4,67.7,15,11,1.0590841949778433,44.9,94.4,1.5968819599109132,0.47563559322033894
Florida International Panthers,Conference USA,13-12,0.52,11-4,2-8,W1,25,71.5,26.8,57.5,46.6,6.8,21.6,31.5,11.2,16.3,68.6,8.4,23.5,31.9,12.4,9.0,4.0,15.1,16.5,73.1,13,12,0.9781121751025993,44.8,95.39999999999999,1.595982142857143,0.469601677148847
Rice Owls,Conference USA,15-9,0.625,10-4,5-5,L4,24,78.5,27.8,58.0,47.9,8.8,24.3,36.3,14.1,19.2,73.5,8.4,27.4,35.8,15.9,6.1,2.3,13.4,15.4,74.0,15,9,1.0608108108108107,50.7,101.5,1.5483234714003944,0.4995073891625616
Louisiana Tech Bulldogs,Conference USA,13-12,0.52,8-3,4-9,L2,24,74.1,26.5,58.6,45.1,8.9,25.4,35.1,12.3,16.8,72.8,10.5,24.4,34.9,13.5,8.2,2.5,13.9,17.8,68.5,13,12,1.0817518248175182,47.7,100.8,1.5534591194968552,0.47321428571428575
Western Kentucky Hilltoppers,Conference USA,14-11,0.56,8-4,4-6,W3,25,73.9,26.0,58.2,44.7,8.0,21.5,37.1,13.9,18.9,73.5,8.8,25.8,34.7,13.5,6.2,5.6,11.1,15.2,70.6,14,11,1.0467422096317283,47.9,98.6,1.5427974947807934,0.48580121703853957
Charlotte 49ers,Conference USA,14-10,0.583,8-3,4-6,W1,24,66.5,24.5,52.0,47.2,7.9,21.1,37.3,9.5,12.7,75.1,6.9,23.3,30.3,13.4,5.9,2.5,11.2,14.1,61.3,14,10,1.0848287112561175,41.9,85.8,1.5871121718377088,0.48834498834498835
UTEP Miners,Conference USA,12-13,0.48,10-4,2-9,W1,24,67.9,24.8,55.4,44.8,4.6,17.2,26.7,13.6,22.1,61.7,11.0,24.3,35.3,12.0,9.1,2.5,15.3,18.0,66.6,12,13,1.0195195195195197,43.0,94.69999999999999,1.5790697674418606,0.4540654699049631
UTSA Roadrunners,Conference USA,7-19,0.26899999999999996,7-9,0-10,L11,25,67.2,22.5,56.7,39.7,7.6,22.8,33.1,14.6,19.8,74.1,10.7,24.6,35.4,10.6,3.6,2.3,13.6,17.7,74.8,7,19,0.8983957219251337,44.7,99.3,1.5033557046979866,0.4501510574018127
Chicago State Cougars,Division I Independents,9-18,0.33299999999999996,6-0,3-18,W1,26,68.2,23.4,55.4,42.2,7.9,23.7,33.3,13.6,18.7,72.5,11.4,23.2,34.6,11.5,5.5,2.8,13.9,18.8,72.2,9,18,0.9445983379501385,44.9,97.8,1.5189309576837418,0.4591002044989775
Hartford Hawks,Division I Independents,5-20,0.2,5-9,0-9,L3,25,63.7,23.7,55.4,42.8,7.3,22.2,32.9,9.0,13.8,65.4,8.9,22.7,31.6,12.9,6.5,3.8,14.0,14.2,70.9,5,20,0.8984485190409026,40.0,91.39999999999999,1.5925,0.43763676148796504
Youngstown State Penguins,Horizon League,20-6,0.769,11-2,8-4,W5,26,83.5,30.5,61.6,49.5,8.3,21.6,38.5,14.2,18.2,78.2,10.3,25.4,35.7,15.5,7.3,2.9,11.5,15.7,72.7,20,6,1.1485557083906464,53.0,101.4,1.5754716981132075,0.5226824457593688
Milwaukee Panthers,Horizon League,17-8,0.68,11-3,6-5,W1,25,78.6,27.8,60.1,46.2,8.3,23.1,36.0,14.8,20.2,73.2,11.8,27.3,39.1,14.4,7.2,5.8,15.1,18.2,71.6,17,8,1.0977653631284916,50.900000000000006,103.4,1.5442043222003927,0.4922630560928434
Northern Kentucky Norse,Horizon League,15-11,0.5770000000000001,12-3,3-5,L2,26,67.1,24.4,57.8,42.2,7.7,23.3,33.1,10.5,15.7,67.3,11.6,21.2,32.8,13.5,9.7,2.4,11.8,15.4,64.2,15,11,1.0451713395638629,42.6,96.8,1.5751173708920185,0.4400826446280992
Cleveland State Vikings,Horizon League,15-11,0.5770000000000001,9-3,6-8,W1,26,70.4,26.6,58.7,45.3,5.3,16.9,31.2,12.0,17.4,68.7,12.0,22.3,34.3,13.0,7.2,3.1,11.2,17.0,67.2,15,11,1.0476190476190477,43.900000000000006,93.0,1.603644646924829,0.47204301075268823
Oakland Golden Grizzlies,Horizon League,11-15,0.423,6-4,5-8,W2,26,72.8,25.7,59.3,43.4,7.5,24.0,31.5,13.8,18.1,76.2,8.5,22.9,31.4,12.4,7.5,2.7,11.0,14.0,75.3,11,15,0.9667994687915007,47.0,101.4,1.548936170212766,0.4635108481262327
Wright State Raiders,Horizon League,16-11,0.593,8-6,6-4,W3,27,81.4,32.0,63.6,50.3,5.8,16.6,35.0,11.6,15.7,73.4,9.7,27.9,37.5,15.3,6.4,2.7,13.0,15.5,73.3,16,11,1.1105047748976808,49.4,95.9,1.6477732793522268,0.5151199165797705
Purdue Fort Wayne Mastodons,Horizon League,15-11,0.5770000000000001,8-4,6-6,L2,26,74.3,26.2,60.0,43.7,9.8,28.0,35.1,12.2,17.3,70.2,10.5,26.2,36.7,13.2,7.0,2.5,13.1,14.6,68.7,15,11,1.0815138282387189,48.2,105.3,1.5414937759336098,0.45773979107312446
Robert Morris Colonials,Horizon League,11-15,0.423,7-4,4-8,L3,26,68.1,25.4,57.5,44.1,7.3,21.3,34.1,10.0,14.1,71.3,9.8,24.7,34.5,14.0,6.3,3.6,13.3,15.7,67.0,11,15,1.016417910447761,42.699999999999996,92.89999999999999,1.594847775175644,0.4596340150699677
Detroit Mercy Titans,Horizon League,10-16,0.385,7-3,3-12,L1,26,76.6,26.8,61.6,43.5,10.3,26.5,39.0,12.7,16.8,75.9,12.7,23.5,36.2,12.6,6.1,1.7,11.7,16.2,76.3,10,16,1.0039318479685453,49.8,104.89999999999999,1.538152610441767,0.4747378455672069
Green Bay Phoenix,Horizon League,3-23,0.115,2-7,1-14,L1,26,58.6,20.2,50.8,39.7,6.2,21.3,29.2,12.0,16.9,70.8,7.2,20.7,27.8,10.7,5.0,2.3,14.6,17.1,75.9,3,23,0.7720685111989459,38.4,89.0,1.5260416666666667,0.4314606741573034
IUPUI Jaguars,Horizon League,4-22,0.154,3-8,0-11,L1,26,64.2,24.2,53.8,44.9,4.6,16.1,28.7,11.3,16.4,68.8,9.0,22.4,31.4,11.3,5.8,2.5,15.7,17.5,75.7,4,22,0.8480845442536328,40.099999999999994,86.30000000000001,1.6009975062344142,0.4646581691772884
Princeton Tigers,Ivy League,16-7,0.696,8-2,6-4,L1,22,76.4,27.6,58.4,47.4,8.4,24.2,34.7,12.7,18.2,70.0,9.9,29.5,39.4,14.0,5.1,3.5,13.1,15.6,67.5,16,7,1.1318518518518519,48.7,100.8,1.568788501026694,0.4831349206349207
Yale Bulldogs,Ivy League,16-6,0.727,8-1,6-5,W5,22,75.0,28.3,59.2,47.8,7.6,21.5,35.3,10.8,15.9,67.9,10.6,28.0,38.5,15.0,6.3,4.1,11.5,16.7,61.0,16,6,1.2295081967213115,46.7,96.60000000000001,1.6059957173447537,0.4834368530020704
Pennsylvania Quakers,Ivy League,14-11,0.56,8-4,6-7,W5,24,74.4,26.8,58.1,46.0,8.4,23.4,35.8,12.5,17.0,73.3,10.2,27.3,37.5,15.5,5.3,3.1,12.7,18.1,71.8,14,11,1.0362116991643455,47.7,98.5,1.559748427672956,0.484263959390863
Brown Bears,Ivy League,13-10,0.565,7-4,6-6,W3,22,68.3,25.1,57.1,43.9,8.2,23.3,35.2,10.0,16.1,61.7,8.8,26.6,35.4,14.0,7.4,3.1,13.4,15.7,67.3,13,10,1.0148588410104011,43.3,96.5,1.5773672055427252,0.4487046632124352
Cornell Big Red,Ivy League,15-8,0.652,9-1,6-7,L3,22,84.8,30.6,63.3,48.4,11.4,31.0,36.7,12.1,16.6,73.2,10.6,24.0,34.6,18.8,9.7,2.4,12.0,15.9,75.6,15,8,1.1216931216931216,54.1,110.9,1.5674676524953788,0.4878268710550045
Dartmouth Big Green,Ivy League,9-15,0.375,6-5,3-8,W1,23,69.6,25.2,58.1,43.4,7.9,24.4,32.4,11.3,16.6,67.8,8.5,26.8,35.3,12.2,5.6,4.1,14.2,16.7,70.2,9,15,0.9914529914529914,44.400000000000006,99.1,1.5675675675675673,0.44803229061553995
Harvard Crimson,Ivy League,12-12,0.5,5-6,6-5,L4,23,67.3,24.6,56.4,43.6,6.6,21.6,30.4,11.5,17.3,66.4,10.4,26.0,36.4,13.3,7.4,4.0,13.9,14.5,65.7,12,12,1.0243531202435312,42.7,95.3,1.5761124121779857,0.4480587618048269
Columbia Lions,Ivy League,6-18,0.25,5-7,1-11,L8,24,67.3,23.8,59.9,39.7,7.6,24.1,31.6,12.1,17.3,70.3,11.0,24.4,35.3,11.5,6.8,1.9,13.8,16.3,74.1,6,18,0.9082321187584346,43.5,101.3,1.547126436781609,0.42941757156959526
Rider Broncs,Metro Atlantic Athletic Conference,14-9,0.609,7-2,7-5,W8,23,69.5,26.0,57.7,45.1,4.9,14.9,32.7,12.7,16.7,75.6,11.4,25.5,36.9,11.4,5.3,2.2,12.0,17.7,66.0,14,9,1.053030303030303,43.599999999999994,89.30000000000001,1.5940366972477067,0.48824188129899204
Iona Gaels,Metro Atlantic Athletic Conference,17-7,0.708,8-1,4-4,W4,24,75.6,28.4,62.1,45.8,6.5,19.5,33.2,12.3,17.0,72.3,10.9,24.7,35.6,14.8,7.6,6.1,10.8,17.2,66.4,17,7,1.1385542168674696,47.2,98.6,1.601694915254237,0.4787018255578094
Siena Saints,Metro Atlantic Athletic Conference,16-9,0.64,7-3,7-5,W1,25,69.2,24.1,54.6,44.2,6.5,18.0,35.9,14.5,19.2,75.6,9.6,25.0,34.6,12.5,5.4,4.5,13.2,17.4,65.9,16,9,1.0500758725341426,45.1,91.8,1.5343680709534369,0.491285403050109
Niagara Purple Eagles,Metro Atlantic Athletic Conference,14-9,0.609,8-2,4-7,W5,23,65.4,23.6,52.6,44.9,6.6,18.6,35.5,11.6,16.2,71.3,7.8,23.1,31.0,11.3,5.2,2.7,11.7,15.8,64.8,14,9,1.0092592592592593,41.800000000000004,87.4,1.5645933014354068,0.4782608695652174
Quinnipiac Bobcats,Metro Atlantic Athletic Conference,17-8,0.68,8-3,7-4,L2,25,72.6,25.8,59.7,43.1,8.0,22.6,35.3,13.1,20.3,64.7,11.9,26.7,38.6,13.1,6.4,2.6,12.6,16.1,67.2,17,8,1.0803571428571428,46.9,102.60000000000001,1.5479744136460554,0.45711500974658864
Manhattan Jaspers,Metro Atlantic Athletic Conference,8-14,0.364,4-7,3-6,L1,22,68.1,24.4,55.6,43.9,7.2,21.0,34.5,12.0,18.1,66.3,8.6,22.4,31.0,12.5,7.8,3.6,14.2,16.5,71.1,8,14,0.9578059071729957,43.599999999999994,94.69999999999999,1.5619266055045873,0.4604012671594509
Fairfield Stags,Metro Atlantic Athletic Conference,10-14,0.41700000000000004,5-5,3-8,L4,24,63.8,22.0,54.6,40.4,5.4,20.3,26.5,14.3,20.2,70.9,10.3,24.0,34.3,9.3,5.8,3.8,11.8,15.0,64.5,10,14,0.9891472868217054,41.7,95.10000000000001,1.529976019184652,0.4384858044164038
Saint Peter's Peacocks,Metro Atlantic Athletic Conference,10-13,0.435,7-4,3-9,W1,23,62.3,22.4,58.2,38.5,6.0,20.7,29.2,11.3,16.0,71.1,13.6,22.7,36.3,10.9,6.4,3.0,12.4,22.1,64.5,10,13,0.965891472868217,39.7,94.9,1.5692695214105792,0.4183350895679663
Marist Red Foxes,Metro Atlantic Athletic Conference,8-15,0.348,4-8,3-7,L1,23,62.3,22.3,55.5,40.2,7.3,23.9,30.8,10.3,14.6,70.5,8.4,25.0,33.4,10.6,6.3,3.6,11.9,14.8,66.3,8,15,0.9396681749622926,39.900000000000006,94.0,1.5614035087719296,0.42446808510638306
Mount St. Mary's Mountaineers,Metro Atlantic Athletic Conference,8-17,0.32,3-8,5-9,L1,25,62.3,22.9,55.2,41.5,6.8,18.8,36.0,9.7,13.0,75.0,9.7,23.6,33.3,12.8,6.0,2.8,14.0,16.5,66.0,8,17,0.9439393939393939,39.4,87.0,1.5812182741116751,0.4528735632183908
Canisius Golden Griffins,Metro Atlantic Athletic Conference,5-18,0.217,3-7,2-11,L6,23,69.3,24.9,61.3,40.5,8.7,25.7,34.0,10.7,14.7,72.9,11.4,22.6,34.0,13.9,5.5,2.7,12.3,16.2,74.4,5,18,0.9314516129032256,44.3,101.7,1.564334085778781,0.4355948869223205
Kent State Golden Flashes,Mid-American Conference,20-5,0.8,12-0,7-5,W2,25,75.0,27.0,60.6,44.5,7.9,23.9,33.1,13.1,18.2,71.9,10.6,24.7,35.3,12.5,9.1,3.8,11.5,18.8,64.2,20,5,1.1682242990654206,48.0,102.7,1.5625,0.4673807205452775
Toledo Rockets,Mid-American Conference,18-6,0.75,10-1,6-3,W8,24,84.9,30.3,62.0,48.8,8.6,22.3,38.6,15.8,21.0,75.1,10.5,24.5,35.0,15.3,6.9,2.9,10.0,16.4,77.4,18,6,1.0968992248062015,54.7,105.3,1.5521023765996345,0.5194681861348528
Ball State Cardinals,Mid-American Conference,18-7,0.72,10-1,6-4,W5,24,75.5,25.8,54.8,47.1,7.3,19.5,37.5,16.6,24.8,67.1,10.8,25.2,36.0,12.8,6.1,4.2,12.5,16.1,69.0,18,7,1.0942028985507246,49.7,99.1,1.5191146881287725,0.5015136226034309
Akron Zips,Mid-American Conference,17-8,0.68,12-1,4-4,L2,25,72.4,24.8,57.1,43.4,9.0,25.4,35.4,13.8,19.1,72.2,10.4,25.4,35.8,13.2,6.3,2.8,11.4,15.9,64.6,17,8,1.1207430340557278,47.599999999999994,101.6,1.521008403361345,0.46850393700787396
Northern Illinois Huskies,Mid-American Conference,11-14,0.44,4-5,6-8,W1,24,71.3,25.6,56.3,45.4,7.4,21.5,34.3,12.8,19.0,67.3,8.8,23.9,32.7,11.7,6.7,2.7,14.4,19.3,75.5,11,14,0.9443708609271523,45.8,96.8,1.556768558951965,0.4731404958677686
Buffalo Bulls,Mid-American Conference,12-13,0.48,9-4,2-6,L1,25,79.6,29.1,62.7,46.5,7.2,21.5,33.6,14.1,20.4,69.4,11.9,26.3,38.2,15.6,8.2,3.2,14.8,18.8,77.6,12,13,1.0257731958762886,50.400000000000006,104.6,1.579365079365079,0.4818355640535374
Ohio Bobcats,Mid-American Conference,14-11,0.56,11-1,3-9,W3,25,78.6,28.7,62.0,46.2,8.6,23.3,37.0,12.6,17.2,72.9,12.0,25.8,37.8,13.1,6.2,2.2,11.5,18.0,73.9,14,11,1.0635994587280106,49.9,102.5,1.5751503006012024,0.4868292682926829
Bowling Green Falcons,Mid-American Conference,10-15,0.4,6-6,4-9,L5,24,76.8,27.5,60.4,45.6,7.5,21.3,35.0,14.3,19.3,74.0,10.4,25.9,36.3,14.2,5.9,3.1,12.0,17.4,77.5,10,15,0.9909677419354839,49.3,101.0,1.5578093306288032,0.4881188118811881
Central Michigan Chippewas,Mid-American Conference,9-16,0.36,6-5,2-10,W1,24,66.3,23.3,55.9,41.6,6.3,21.5,29.3,13.5,19.7,68.6,11.4,24.5,35.9,11.0,6.0,3.9,15.8,20.3,71.9,9,16,0.9221140472878997,43.1,97.10000000000001,1.5382830626450115,0.4438722966014418
Eastern Michigan Eagles,Mid-American Conference,6-18,0.25,4-5,2-10,L2,24,74.8,26.8,59.8,44.7,6.8,20.5,33.2,14.5,19.1,76.0,8.6,22.8,31.5,10.2,6.5,2.1,11.6,19.7,82.3,6,18,0.9088699878493317,48.1,99.4,1.555093555093555,0.48390342052313884
Miami (OH) Redhawks,Mid-American Conference,8-17,0.32,7-9,1-7,L1,24,74.4,26.1,57.8,45.1,8.1,24.1,33.7,14.1,18.2,77.8,9.6,22.8,32.4,13.7,6.3,2.8,13.9,18.0,75.5,8,17,0.985430463576159,48.300000000000004,100.10000000000001,1.5403726708074534,0.4825174825174825
Western Michigan Broncos,Mid-American Conference,6-19,0.24,5-5,1-13,L8,24,71.3,25.9,59.0,44.0,8.0,23.5,33.8,11.5,15.9,72.3,12.7,25.3,37.9,13.2,4.6,2.1,12.9,17.3,74.0,6,19,0.9635135135135134,45.4,98.4,1.5704845814977972,0.4613821138211382
Howard Bison,Mid-Eastern Athletic Conference,15-10,0.6,10-2,4-6,W7,24,74.5,26.3,56.8,46.3,7.6,20.7,36.8,14.3,19.6,72.8,10.3,23.5,33.8,14.6,7.9,3.1,16.4,17.1,72.8,15,10,1.0233516483516485,48.2,97.1,1.5456431535269708,0.49639546858908346
Maryland-Eastern Shore Hawks,Mid-Eastern Athletic Conference,14-8,0.636,9-0,5-8,W7,22,70.0,26.0,59.3,43.8,7.6,23.1,33.1,10.4,14.7,70.9,10.2,21.7,32.0,14.2,10.8,1.7,14.2,16.0,65.9,14,8,1.062215477996965,44.0,97.10000000000001,1.5909090909090908,0.4531410916580844
Norfolk State Spartans,Mid-Eastern Athletic Conference,16-7,0.696,8-1,4-6,W3,23,76.3,27.3,56.9,47.9,7.4,21.2,35.0,14.3,19.3,74.5,10.7,24.7,35.4,14.1,6.6,3.6,12.5,17.5,69.1,16,7,1.1041968162083937,49.0,97.39999999999999,1.5571428571428572,0.5030800821355237
Morgan State Bears,Mid-Eastern Athletic Conference,12-12,0.5,8-1,2-10,L1,23,77.3,29.0,63.1,45.9,7.3,19.2,38.0,12.1,17.8,68.2,12.7,23.3,35.9,16.1,10.1,5.0,15.8,21.3,71.3,12,12,1.0841514726507715,48.4,100.1,1.5971074380165289,0.4835164835164835
North Carolina Central Eagles,Mid-Eastern Athletic Conference,11-11,0.5,10-1,1-10,W1,21,76.0,27.7,58.0,47.7,7.4,20.4,36.2,13.3,18.9,70.5,10.6,24.3,34.9,14.7,8.0,2.9,14.9,18.7,67.2,11,11,1.130952380952381,48.400000000000006,97.30000000000001,1.5702479338842974,0.49743062692702983
Delaware State Hornets,Mid-Eastern Athletic Conference,5-18,0.217,3-5,2-12,L1,22,63.7,23.8,57.0,41.8,5.7,17.7,32.3,10.4,15.1,68.7,10.8,23.4,34.2,12.4,6.8,2.9,15.7,18.2,74.1,5,18,0.8596491228070177,39.9,89.8,1.5964912280701755,0.4443207126948775
Coppin State Eagles,Mid-Eastern Athletic Conference,6-19,0.24,4-4,2-15,L7,24,73.2,24.8,57.5,43.1,8.8,26.1,33.7,14.8,20.5,72.5,6.4,24.4,30.8,10.9,8.1,2.9,14.7,20.1,85.5,6,19,0.856140350877193,48.400000000000006,104.1,1.5123966942148759,0.4649375600384247
South Carolina State Bulldogs,Mid-Eastern Athletic Conference,4-20,0.16699999999999998,3-3,1-17,W1,23,74.0,27.3,64.8,42.2,6.7,20.7,32.1,12.7,18.8,67.4,13.8,21.5,35.3,13.6,7.3,3.1,14.8,21.2,85.8,4,20,0.8624708624708625,46.7,104.3,1.5845824411134903,0.44774688398849477
Drake Bulldogs,Missouri Valley Conference,21-6,0.778,12-1,5-5,W7,26,75.7,27.3,58.8,46.3,8.0,21.8,36.6,13.2,17.0,77.2,8.5,27.9,36.4,13.7,5.3,2.6,10.9,15.0,65.2,21,6,1.1610429447852761,48.5,97.6,1.5608247422680412,0.49692622950819676
Bradley Braves,Missouri Valley Conference,19-8,0.7040000000000001,13-1,6-4,W6,26,72.0,26.3,56.6,46.5,8.4,22.7,37.2,10.9,16.3,67.0,9.7,25.5,35.2,13.3,7.3,3.9,12.4,16.4,62.5,19,8,1.152,45.6,95.6,1.5789473684210527,0.4769874476987448
Southern Illinois Salukis,Missouri Valley Conference,19-8,0.7040000000000001,12-1,6-6,L1,26,66.7,23.7,51.7,45.9,7.9,24.8,31.8,11.4,15.4,74.0,6.7,24.7,31.3,14.0,7.7,2.1,13.1,16.7,61.1,19,8,1.0916530278232406,43.0,91.9,1.5511627906976744,0.4678998911860718
Belmont Bruins,Missouri Valley Conference,18-9,0.667,10-2,6-6,W1,26,74.4,27.1,58.5,46.4,9.6,24.6,39.1,10.6,14.7,71.8,8.3,23.5,31.9,15.0,7.2,3.3,11.7,15.5,70.7,18,9,1.0523338048090525,47.300000000000004,97.8,1.572938689217759,0.48364008179959106
Indiana State Sycamores,Missouri Valley Conference,18-9,0.667,10-3,6-5,W5,26,78.8,28.2,58.9,47.9,9.6,27.9,34.5,12.8,17.2,74.3,7.3,27.1,34.5,15.9,6.9,1.9,12.2,17.1,69.0,18,9,1.1420289855072463,50.599999999999994,104.0,1.557312252964427,0.4865384615384615
Missouri State Bears,Missouri Valley Conference,13-12,0.52,9-3,3-7,W1,25,65.5,24.1,55.2,43.6,7.9,23.7,33.3,9.4,15.2,62.1,11.1,23.6,34.7,11.4,6.6,4.2,12.6,15.6,63.4,13,12,1.0331230283911672,41.4,94.10000000000001,1.5821256038647344,0.43995749202975554
Northern Iowa Panthers,Missouri Valley Conference,12-14,0.462,8-6,3-6,L5,25,70.4,25.5,55.8,45.6,7.4,21.7,34.3,12.0,17.4,68.8,7.8,25.8,33.6,11.4,6.5,1.3,12.5,15.0,68.3,12,14,1.0307467057101025,44.9,94.9,1.5679287305122496,0.4731296101159114
Murray State Racers,Missouri Valley Conference,13-13,0.5,9-2,2-10,L3,25,70.8,25.4,57.2,44.4,5.9,18.7,31.6,14.2,19.3,73.4,9.7,25.9,35.6,11.9,5.2,2.9,11.0,15.1,72.2,13,13,0.9806094182825484,45.5,95.2,1.556043956043956,0.4779411764705882
Illinois State Redbirds,Missouri Valley Conference,10-16,0.385,7-6,3-6,L2,26,66.4,22.7,52.6,43.1,7.3,21.3,34.1,13.8,17.3,79.7,8.9,24.2,33.0,10.7,5.7,3.5,14.8,18.7,69.5,10,16,0.9553956834532374,43.8,91.2,1.5159817351598175,0.4802631578947368
Valparaiso Beacons,Missouri Valley Conference,10-16,0.385,7-5,2-10,L3,26,69.2,25.4,58.2,43.7,6.4,21.3,30.1,11.9,16.5,72.0,7.8,26.3,34.1,13.2,6.2,2.3,12.5,16.8,73.4,10,16,0.9427792915531334,43.699999999999996,96.0,1.5835240274599545,0.45520833333333327
UIC Flames,Missouri Valley Conference,10-17,0.37,6-6,2-11,L2,26,66.9,22.9,55.5,41.3,8.0,24.5,32.4,13.1,19.8,66.1,8.2,23.7,31.9,12.8,6.8,4.7,13.0,18.4,70.2,10,17,0.952991452991453,44.0,99.8,1.5204545454545455,0.4408817635270541
Evansville Purple Aces,Missouri Valley Conference,5-21,0.192,3-8,1-11,W1,26,62.7,22.8,57.0,40.1,6.3,19.3,32.4,10.7,17.3,61.6,8.0,24.3,32.3,10.5,6.7,1.8,12.5,16.3,74.8,5,21,0.8382352941176471,39.8,93.6,1.5753768844221108,0.4252136752136752
San Diego State Aztecs,Mountain West Conference,20-5,0.8,13-1,6-1,W3,24,74.3,26.1,57.3,45.5,7.4,20.8,35.5,14.8,20.2,73.2,10.2,25.2,35.4,13.6,7.3,3.0,11.8,16.9,65.5,20,5,1.1343511450381678,48.3,98.3,1.5383022774327122,0.491353001017294
Nevada Wolf Pack,Mountain West Conference,20-6,0.769,13-0,5-5,W4,26,73.7,24.4,54.2,45.1,7.3,21.1,34.9,17.5,22.0,79.9,7.5,26.2,33.7,14.2,6.0,3.2,10.5,18.3,66.5,20,6,1.1082706766917294,49.2,97.30000000000001,1.4979674796747968,0.5056526207605344
Boise State Broncos,Mountain West Conference,18-6,0.75,10-1,4-4,L1,24,71.6,25.9,56.9,45.5,7.9,21.7,36.5,11.8,16.3,72.8,8.5,27.8,36.3,11.5,5.0,3.1,11.3,16.3,61.2,18,6,1.1699346405228757,45.599999999999994,94.89999999999999,1.5701754385964912,0.4805057955742887
Utah State Aggies,Mountain West Conference,19-6,0.76,11-2,5-3,L1,25,79.6,27.2,56.4,48.3,10.0,24.3,41.4,15.1,20.0,75.6,8.7,26.7,35.4,17.2,4.8,3.6,12.1,16.6,71.0,19,6,1.1211267605633801,52.300000000000004,100.7,1.5219885277246652,0.519364448857994
New Mexico Lobos,Mountain West Conference,19-6,0.76,14-2,4-4,L3,25,81.6,29.2,59.5,49.0,5.7,16.2,35.1,17.6,24.0,73.2,9.9,28.0,37.9,14.0,7.0,4.1,12.0,16.7,72.4,19,6,1.1270718232044197,52.5,99.7,1.5542857142857143,0.526579739217653
San Jos State Spartans,Mountain West Conference,14-10,0.583,9-2,3-7,L1,24,68.1,25.2,55.8,45.1,7.6,22.3,34.0,10.2,15.2,67.3,11.3,26.0,37.3,13.0,3.8,3.8,12.2,15.1,66.3,14,10,1.0271493212669682,43.0,93.3,1.583720930232558,0.4608788853161844
Fresno State Bulldogs,Mountain West Conference,9-15,0.375,6-4,3-8,L1,24,62.1,22.5,53.0,42.6,6.4,21.1,30.4,10.6,14.3,74.6,7.9,22.4,30.3,11.6,6.2,3.3,11.8,16.5,65.4,9,15,0.9495412844036697,39.5,88.39999999999999,1.5721518987341772,0.4468325791855204
UNLV Rebels,Mountain West Conference,16-9,0.64,8-5,4-4,L1,24,76.1,26.3,59.0,44.5,8.2,23.0,35.7,15.4,21.7,71.0,10.0,23.6,33.6,13.5,9.5,3.8,12.0,16.7,68.5,16,9,1.110948905109489,49.9,103.7,1.5250501002004007,0.4811957569913211
Air Force Falcons,Mountain West Conference,13-13,0.5,10-7,3-6,W1,26,67.3,23.8,51.2,46.5,8.3,23.3,35.5,11.3,16.0,70.8,6.7,22.6,29.3,15.4,5.8,4.3,11.8,17.0,66.5,13,13,1.0120300751879698,43.400000000000006,90.5,1.550691244239631,0.47955801104972384
Colorado State Rams,Mountain West Conference,11-14,0.44,7-6,3-6,W1,25,73.8,27.0,55.0,49.1,7.8,21.7,35.8,12.0,16.4,73.6,5.6,24.9,30.5,17.4,6.1,2.5,10.8,16.3,71.8,11,14,1.0278551532033426,46.8,93.1,1.5769230769230769,0.5026852846401718
Wyoming Cowboys,Mountain West Conference,7-16,0.304,6-6,0-5,L2,23,70.0,24.6,54.6,45.0,8.7,24.9,34.8,12.2,17.7,69.2,8.0,24.8,32.7,11.4,4.6,2.3,12.0,14.8,71.9,7,16,0.9735744089012517,45.5,97.2,1.5384615384615385,0.46810699588477367
Fairleigh Dickinson Knights,Northeast Conference,15-11,0.5770000000000001,7-4,7-6,W1,26,78.6,28.7,63.3,45.3,8.5,24.8,34.4,12.8,17.0,74.9,11.5,22.3,33.8,15.1,8.4,1.8,11.7,18.8,76.3,15,11,1.0301441677588465,50.0,105.1,1.5719999999999998,0.4757373929590866
Merrimack Warriors,Northeast Conference,11-16,0.40700000000000003,6-6,5-8,W4,26,59.2,20.1,49.7,40.4,6.8,22.5,30.5,12.2,17.4,69.8,6.3,20.9,27.3,11.5,10.8,4.0,14.7,13.8,62.4,11,16,0.9487179487179488,39.1,89.6,1.514066496163683,0.4363839285714286
Stonehill Skyhawks,Northeast Conference,13-15,0.46399999999999997,6-4,6-10,W1,27,66.9,23.2,52.2,44.4,7.9,21.9,36.1,12.6,16.6,75.5,5.8,24.7,30.5,12.5,7.0,2.9,14.0,15.3,70.3,13,15,0.9516358463726886,43.7,90.69999999999999,1.5308924485125859,0.48180815876516
St. Francis (PA) Red Flash,Northeast Conference,9-16,0.36,8-4,1-12,L1,24,73.2,26.6,58.0,45.9,8.0,20.7,38.4,12.0,17.0,70.4,9.1,24.9,34.0,13.8,4.9,2.0,13.2,16.7,74.4,9,16,0.9838709677419355,46.6,95.7,1.5708154506437768,0.48693834900731453
Wagner Seahawks,Northeast Conference,13-10,0.565,7-3,6-7,W1,22,64.8,24.0,58.7,40.8,6.9,21.1,32.5,10.0,14.5,69.1,12.8,23.1,35.9,13.0,7.0,1.7,12.0,20.2,63.1,13,10,1.0269413629160062,40.9,94.30000000000001,1.5843520782396088,0.43372216330858954
Sacred Heart Pioneers,Northeast Conference,13-14,0.48100000000000004,7-4,6-10,L1,27,71.3,26.4,61.3,43.2,7.2,23.0,31.4,11.1,16.4,68.1,10.4,25.0,35.4,13.9,8.2,3.2,13.0,15.1,71.7,13,14,0.9944211994421198,44.7,100.69999999999999,1.5950782997762862,0.44389275074478657
St. Francis Brooklyn Terriers,Northeast Conference,13-13,0.5,10-4,3-9,L1,25,64.7,22.9,56.7,40.4,6.5,18.6,35.1,12.3,17.6,70.0,11.3,22.4,33.7,12.2,7.4,4.6,13.5,15.1,66.7,13,13,0.9700149925037481,41.7,92.9,1.5515587529976018,0.4488697524219591
Central Connecticut Blue Devils,Northeast Conference,7-19,0.26899999999999996,4-6,3-12,W1,26,65.1,24.8,58.3,42.6,6.9,21.0,32.7,8.5,12.3,69.1,9.7,23.5,33.2,13.0,6.1,3.8,12.2,14.2,69.3,7,19,0.9393939393939393,40.2,91.6,1.6194029850746265,0.4388646288209608
Long Island University Sharks,Northeast Conference,3-22,0.12,2-8,1-12,L4,24,67.2,24.7,58.3,42.4,5.3,15.2,35.1,12.4,18.9,65.6,9.6,25.0,34.6,14.3,6.5,3.4,16.3,17.1,80.1,3,22,0.8389513108614233,42.4,92.4,1.5849056603773586,0.4588744588744588
Morehead State Eagles,Ohio Valley Conference,16-10,0.615,11-2,5-8,L1,26,70.7,24.3,55.2,44.0,7.1,20.8,34.2,15.0,20.5,73.4,10.0,26.0,36.0,13.8,5.9,3.7,13.0,16.1,67.6,16,10,1.0458579881656807,46.4,96.5,1.5237068965517242,0.48082901554404145
Southeast Missouri State Redhawks,Ohio Valley Conference,13-13,0.5,7-3,5-9,L2,25,77.0,26.8,60.8,44.0,8.5,25.4,33.3,15.0,21.4,69.8,9.0,24.9,33.9,14.4,7.2,3.3,13.7,21.4,76.5,13,13,1.0065359477124183,50.3,107.6,1.5308151093439364,0.4674721189591078
Tennessee Tech Golden Eagles,Ohio Valley Conference,12-14,0.462,10-4,2-10,W2,26,72.8,26.1,59.6,43.8,8.9,24.7,36.0,11.7,16.5,71.1,9.5,25.6,35.1,14.7,6.9,2.3,13.1,15.5,72.7,12,14,1.0013755158184319,46.7,100.8,1.558886509635974,0.4632936507936508
SIU Edwardsville Cougars,Ohio Valley Conference,17-10,0.63,8-4,7-6,L1,26,73.5,25.1,57.8,43.4,6.8,21.3,32.1,16.4,22.4,73.2,11.3,25.7,37.0,12.2,7.2,4.2,12.7,17.2,68.7,17,10,1.0698689956331877,48.3,101.5,1.5217391304347827,0.4758620689655172
UT Martin Skyhawks,Ohio Valley Conference,16-11,0.593,13-1,3-10,W1,26,80.8,28.7,62.9,45.5,8.0,24.3,32.9,15.5,21.7,71.4,10.9,28.7,39.6,14.2,8.2,3.5,12.1,18.4,74.6,16,11,1.0831099195710456,52.2,108.9,1.5478927203065134,0.4793388429752066
Tennessee State Tigers,Ohio Valley Conference,15-11,0.5770000000000001,11-3,3-7,W4,26,77.5,26.8,59.8,44.8,8.9,25.2,35.3,15.1,21.5,70.2,10.2,26.0,36.2,13.5,5.7,3.3,12.7,19.5,74.0,15,11,1.0472972972972974,50.800000000000004,106.5,1.5255905511811023,0.4769953051643193
Southern Indiana Screaming Eagles,Ohio Valley Conference,13-13,0.5,9-3,3-10,L4,26,76.4,26.7,61.0,43.7,10.1,26.2,38.6,13.0,19.4,66.7,12.5,26.7,39.2,13.3,7.6,2.5,13.9,18.1,73.4,13,13,1.0408719346049047,49.8,106.6,1.5341365461847392,0.46716697936210133
Eastern Illinois Panthers,Ohio Valley Conference,9-18,0.33299999999999996,6-7,3-10,W2,26,68.5,25.2,58.2,43.4,5.2,16.5,31.5,12.8,20.3,63.1,9.8,24.2,34.0,14.2,8.6,3.3,13.3,18.5,71.5,9,18,0.958041958041958,43.2,95.0,1.5856481481481481,0.45473684210526316
Lindenwood Lions,Ohio Valley Conference,9-17,0.34600000000000003,7-4,2-11,L1,26,68.0,25.1,58.9,42.7,7.5,21.2,35.2,10.3,14.2,72.7,9.1,25.2,34.3,12.1,6.4,3.2,13.3,15.6,71.5,9,17,0.951048951048951,42.900000000000006,94.3,1.585081585081585,0.454931071049841
Little Rock Trojans,Ohio Valley Conference,8-19,0.29600000000000004,7-4,1-15,L1,26,74.6,26.6,60.8,43.7,6.2,18.4,33.4,15.3,21.0,72.8,11.2,24.4,35.6,14.2,6.5,2.0,13.5,19.8,78.7,8,19,0.9479034307496822,48.10000000000001,100.19999999999999,1.5509355509355505,0.4800399201596808
UCLA Bruins,Pac-12 Conference,20-4,0.833,13-0,6-2,W3,24,74.1,28.6,61.5,46.6,6.3,17.8,35.7,10.5,14.8,71.5,12.0,23.7,35.7,14.9,8.9,3.9,10.7,15.4,59.7,20,4,1.2412060301507537,45.4,94.1,1.63215859030837,0.4824654622741764
Arizona Wildcats,Pac-12 Conference,22-3,0.88,13-1,5-2,W7,25,83.4,29.4,60.0,48.9,8.4,23.1,36.6,16.2,22.4,72.3,11.4,29.8,41.2,19.6,6.5,3.7,13.8,16.9,70.4,22,3,1.1846590909090908,54.0,105.5,1.5444444444444445,0.5118483412322274
USC Trojans,Pac-12 Conference,17-7,0.708,12-1,3-4,L1,24,71.8,26.1,57.1,45.7,5.8,18.0,32.3,13.6,18.5,73.6,9.6,25.1,34.7,14.0,7.4,5.3,12.9,17.3,67.2,17,7,1.068452380952381,45.5,93.6,1.578021978021978,0.48611111111111116
Oregon Ducks,Pac-12 Conference,15-10,0.6,11-4,3-4,W2,25,71.0,25.4,56.1,45.3,7.1,22.6,31.3,13.2,18.8,70.1,10.8,26.0,36.8,13.4,6.1,5.2,12.9,15.0,66.9,15,10,1.061285500747384,45.7,97.5,1.5536105032822756,0.46871794871794875
Utah Utes,Pac-12 Conference,16-9,0.64,11-4,4-4,W1,25,70.4,25.3,57.3,44.2,7.3,21.0,34.7,12.5,17.5,71.6,11.0,28.3,39.3,14.9,5.5,4.4,12.0,15.2,61.8,16,9,1.1391585760517802,45.1,95.8,1.5609756097560976,0.4707724425887265
Arizona State Sun Devils,Pac-12 Conference,17-8,0.68,9-4,5-4,W1,25,71.2,25.3,59.8,42.3,7.6,23.6,32.1,13.1,19.0,69.1,11.2,26.6,37.7,14.5,7.0,5.2,12.3,18.6,66.9,17,8,1.0642750373692078,46.0,102.4,1.547826086956522,0.44921875
Colorado Buffaloes,Pac-12 Conference,14-11,0.56,11-2,1-7,W2,25,71.2,26.0,58.8,44.2,6.4,19.8,32.1,12.9,18.9,68.1,11.7,26.2,37.8,13.0,8.2,3.8,14.0,16.5,65.6,14,11,1.0853658536585367,45.3,97.5,1.5717439293598237,0.4646153846153846
Washington Huskies,Pac-12 Conference,13-12,0.52,10-5,1-7,L3,25,69.7,24.8,57.2,43.3,6.8,21.2,32.1,13.3,17.8,75.0,8.9,25.1,34.0,11.6,7.0,5.6,14.4,16.7,70.9,13,12,0.9830747531734837,44.900000000000006,96.2,1.552338530066815,0.4667359667359668
Washington State Cougars,Pac-12 Conference,10-15,0.4,7-3,1-8,L2,25,67.4,23.7,56.3,42.0,8.6,24.0,35.8,11.4,15.9,71.6,11.2,23.7,34.8,11.6,4.8,2.8,12.8,16.2,65.8,10,15,1.0243161094224926,43.699999999999996,96.2,1.5423340961098402,0.4542619542619542
Stanford Cardinal,Pac-12 Conference,10-14,0.41700000000000004,7-5,1-5,L2,24,68.4,24.5,56.0,43.7,7.6,23.0,33.2,11.9,16.8,70.7,11.0,24.3,35.3,13.8,5.8,3.5,12.9,16.3,66.4,10,14,1.0301204819277108,44.0,95.8,1.5545454545454547,0.4592901878914405
Oregon State Beavers,Pac-12 Conference,9-16,0.36,8-5,1-8,L3,25,61.4,21.3,50.7,42.0,6.3,19.0,33.3,12.6,17.0,73.7,7.3,23.4,30.6,10.5,5.5,3.3,13.9,17.6,66.6,9,16,0.921921921921922,40.2,86.7,1.5273631840796018,0.46366782006920415
California Golden Bears,Pac-12 Conference,3-21,0.125,3-11,0-8,L8,24,59.1,21.3,52.2,40.7,5.0,16.6,30.3,11.6,16.0,72.6,8.5,22.9,31.4,9.8,4.7,3.2,13.5,16.9,68.7,3,21,0.8602620087336245,37.9,84.80000000000001,1.5593667546174144,0.4469339622641509
Colgate Raiders,Patriot League,19-8,0.7040000000000001,9-2,9-4,W2,26,77.2,29.3,57.8,50.6,8.1,20.6,39.4,10.6,15.7,67.4,8.1,25.4,33.5,17.7,7.1,2.7,10.6,12.8,69.0,19,8,1.118840579710145,48.0,94.10000000000001,1.6083333333333334,0.5100956429330499
Lehigh Mountain Hawks,Patriot League,14-10,0.583,8-3,6-7,L1,24,70.3,25.4,57.4,44.2,7.4,20.5,36.2,12.2,16.6,73.4,7.1,26.7,33.8,12.9,6.5,2.3,12.3,16.6,69.4,14,10,1.0129682997118155,45.0,94.5,1.5622222222222222,0.47619047619047616
Navy Midshipmen,Patriot League,15-11,0.5770000000000001,8-4,7-7,W4,25,70.4,26.7,57.4,46.4,8.3,21.5,38.5,8.8,12.7,69.2,9.8,24.6,34.4,15.0,6.6,2.6,12.1,15.8,66.9,15,11,1.0523168908819134,43.8,91.60000000000001,1.6073059360730595,0.47816593886462877
Army Black Knights,Patriot League,14-13,0.519,8-4,6-6,L1,26,74.2,27.2,56.0,48.7,7.8,21.5,36.3,11.9,17.3,68.8,8.7,25.3,34.0,13.2,5.3,2.0,13.2,16.2,69.9,14,13,1.061516452074392,46.9,94.8,1.582089552238806,0.4947257383966245
American University Eagles,Patriot League,15-10,0.6,7-4,8-6,L2,24,66.4,24.6,49.8,49.4,6.9,19.0,36.2,10.4,14.3,72.8,7.5,22.3,29.7,14.2,7.4,3.9,14.5,15.1,64.8,15,10,1.0246913580246915,41.9,83.1,1.5847255369928404,0.5042117930204573
Lafayette Leopards,Patriot League,9-18,0.33299999999999996,4-6,4-12,W2,26,61.1,22.1,54.5,40.6,8.9,27.0,33.0,8.0,12.8,62.2,7.7,23.6,31.3,15.2,6.0,3.1,11.6,15.4,64.4,9,18,0.9487577639751552,39.0,94.3,1.5666666666666667,0.4135737009544009
Holy Cross Crusaders,Patriot League,9-18,0.33299999999999996,5-8,4-8,W1,26,66.0,24.9,57.1,43.6,7.0,19.3,36.5,9.2,14.6,63.1,7.7,24.7,32.3,12.0,6.5,2.9,12.5,16.5,71.2,9,18,0.9269662921348314,41.099999999999994,91.0,1.6058394160583944,0.4516483516483516
Boston University Terriers,Patriot League,12-15,0.444,7-4,5-9,L1,25,67.3,23.7,57.1,41.5,7.5,22.8,33.0,12.4,16.9,73.7,10.4,24.9,35.3,10.6,6.8,2.3,12.5,17.6,67.7,12,15,0.9940915805022156,43.6,96.80000000000001,1.543577981651376,0.4504132231404958
Loyola Maryland Greyhounds,Patriot League,8-18,0.308,5-6,2-11,L3,26,64.8,24.2,54.3,44.6,7.2,20.9,34.6,9.2,14.9,61.5,9.2,21.4,30.5,13.7,7.9,2.6,14.3,15.7,69.5,8,18,0.9323741007194244,40.599999999999994,90.1,1.5960591133004927,0.4506104328523862
Bucknell Bison,Patriot League,10-17,0.37,5-7,3-10,L2,26,68.3,25.0,54.7,45.7,7.2,20.7,34.9,11.0,15.4,71.7,8.3,25.9,34.3,13.8,5.5,3.8,13.7,15.9,68.5,10,17,0.9970802919708028,43.2,90.80000000000001,1.5810185185185184,0.47577092511013214
Alabama Crimson Tide,Southeastern Conference,22-3,0.88,12-0,8-1,W4,24,83.7,27.9,62.8,44.4,10.5,29.9,35.3,17.3,23.9,72.6,13.0,31.9,44.9,15.1,6.2,5.1,14.1,18.7,68.7,22,3,1.2183406113537119,55.7,116.6,1.5026929982046677,0.47770154373927964
Texas A&M Aggies,Southeastern Conference,17-7,0.708,12-1,4-3,W2,24,75.1,25.1,56.1,44.7,6.2,19.3,31.9,18.8,25.3,74.3,12.6,24.8,37.5,13.5,7.2,2.5,12.2,19.0,66.7,17,7,1.1259370314842578,50.1,100.7,1.499001996007984,0.49751737835153925
Tennessee Volunteers,Southeastern Conference,19-5,0.792,11-1,4-3,L1,24,72.0,25.6,59.4,43.2,7.6,23.4,32.4,13.2,18.0,73.0,13.6,26.5,40.0,16.8,8.9,3.9,12.6,16.6,55.0,19,5,1.309090909090909,46.400000000000006,100.8,1.5517241379310343,0.4603174603174604
Auburn Tigers,Southeastern Conference,17-8,0.68,11-2,4-5,L3,24,72.3,25.9,58.6,44.2,6.2,21.1,29.2,14.4,20.8,69.0,12.1,25.5,37.6,14.4,8.3,5.7,12.7,19.1,64.6,17,8,1.1191950464396285,46.5,100.5,1.5548387096774192,0.4626865671641791
Kentucky Wildcats,Southeastern Conference,16-9,0.64,12-3,3-4,L2,24,75.1,27.9,60.7,45.9,6.8,18.5,36.6,12.5,18.2,69.0,13.3,25.0,38.3,15.8,6.7,4.0,11.5,15.4,67.7,16,9,1.1093057607090102,47.199999999999996,97.4,1.5911016949152543,0.48459958932238184
Missouri Tigers,Southeastern Conference,18-6,0.75,14-2,2-4,W1,24,82.0,29.1,60.5,48.0,9.4,26.1,35.9,14.4,19.0,75.7,9.5,21.8,31.3,17.1,10.6,2.9,11.6,18.5,74.8,18,6,1.0962566844919786,52.9,105.6,1.5500945179584122,0.5009469696969697
Arkansas Razorbacks,Southeastern Conference,17-7,0.708,11-1,2-5,W3,24,75.0,27.4,57.1,48.0,4.9,15.9,31.0,15.3,21.8,70.3,10.2,25.5,35.8,13.6,8.5,5.2,13.3,18.8,65.5,17,7,1.1450381679389312,47.599999999999994,94.8,1.5756302521008405,0.5021097046413502
Vanderbilt Commodores,Southeastern Conference,13-12,0.52,9-5,3-5,W3,24,70.5,24.9,59.5,41.8,8.1,24.9,32.4,12.7,17.7,71.8,11.8,24.8,36.5,11.8,5.0,4.5,11.4,16.5,71.7,13,12,0.9832635983263598,45.7,102.10000000000001,1.5426695842450764,0.4476003917727718
Florida Gators,Southeastern Conference,13-12,0.52,8-4,3-5,L3,24,71.2,24.7,57.4,43.0,6.7,20.7,32.3,15.1,20.4,74.0,8.5,27.4,35.9,12.4,6.5,5.9,11.4,16.2,66.2,13,12,1.0755287009063443,46.5,98.5,1.5311827956989248,0.4720812182741117
Georgia Bulldogs,Southeastern Conference,15-10,0.6,12-2,1-7,W1,24,69.9,23.5,56.3,41.8,7.0,21.5,32.6,15.8,21.7,72.9,11.6,25.8,37.4,11.8,6.6,2.9,13.5,15.7,69.1,15,10,1.011577424023155,46.3,99.5,1.5097192224622031,0.4653266331658291
Mississippi State Bulldogs,Southeastern Conference,16-8,0.667,10-3,2-4,W4,24,65.5,24.0,57.0,42.0,5.7,20.5,27.9,11.8,19.0,62.4,12.9,24.8,37.7,14.5,9.5,3.7,12.5,14.5,58.5,16,8,1.1196581196581197,41.5,96.5,1.5783132530120483,0.43005181347150256
Ole Miss Rebels,Southeastern Conference,10-15,0.4,6-8,2-6,L1,24,67.7,25.0,58.8,42.5,6.0,20.1,29.7,11.8,16.9,69.6,12.2,24.3,36.5,13.0,6.8,4.6,12.5,16.5,68.3,10,15,0.9912152269399708,42.8,95.80000000000001,1.5817757009345796,0.4467640918580375
South Carolina Gamecocks,Southeastern Conference,9-16,0.36,6-6,3-6,W1,24,64.1,23.3,58.5,39.9,7.8,23.9,32.5,9.7,15.2,63.6,12.4,22.2,34.6,10.9,5.1,2.7,13.3,16.3,73.2,9,16,0.8756830601092895,40.8,97.60000000000001,1.571078431372549,0.4180327868852458
LSU Tigers,Southeastern Conference,12-12,0.5,9-5,0-6,L11,24,66.5,23.3,56.3,41.3,7.2,21.8,33.0,12.9,18.2,70.7,10.7,23.8,34.5,12.5,7.3,2.9,12.8,16.3,68.8,12,12,0.9665697674418605,43.4,96.3,1.532258064516129,0.45067497403946
Furman Paladins,Southern Conference,21-6,0.778,12-2,7-2,W8,26,82.4,29.5,60.6,48.6,9.9,28.3,35.0,13.6,18.0,75.5,10.0,25.7,35.7,18.0,7.1,3.2,11.7,16.9,71.2,21,6,1.1573033707865168,53.0,106.9,1.5547169811320756,0.49579045837231056
Samford Bulldogs,Southern Conference,18-9,0.667,12-2,6-7,W4,26,78.0,26.0,57.7,45.1,8.5,25.3,33.8,17.5,23.1,75.7,10.7,25.8,36.5,11.6,7.5,2.6,13.0,18.8,70.8,18,9,1.1016949152542372,52.0,106.1,1.5,0.49010367577756836
UNC Greensboro Spartans,Southern Conference,17-9,0.654,9-3,7-4,W3,26,71.0,25.2,56.8,44.4,7.6,22.0,34.5,13.0,18.3,71.1,10.0,26.4,36.4,14.6,7.4,2.5,12.0,16.8,62.8,17,9,1.1305732484076434,45.8,97.1,1.5502183406113539,0.47167868177136973
Western Carolina Catamounts,Southern Conference,14-13,0.519,7-5,5-8,L1,26,75.9,26.0,60.3,43.1,9.0,26.6,34.0,14.8,20.7,71.6,10.2,26.8,37.1,13.0,6.0,2.7,10.8,17.3,70.6,14,13,1.0750708215297453,49.8,107.60000000000001,1.524096385542169,0.46282527881040886
Chattanooga Mocs,Southern Conference,14-13,0.519,9-5,5-8,W2,26,77.0,26.1,58.4,44.7,11.4,30.3,37.7,13.3,18.5,72.1,10.4,26.3,36.7,15.2,5.9,3.9,12.0,15.1,71.2,14,13,1.0814606741573034,50.8,107.2,1.5157480314960632,0.47388059701492535
East Tennessee State Buccaneers,Southern Conference,10-17,0.37,5-9,4-7,W1,27,69.2,26.0,57.2,45.5,6.1,19.7,31.3,11.0,16.6,66.4,10.9,24.9,35.8,12.4,6.3,3.1,13.6,15.7,68.7,10,17,1.007278020378457,43.1,93.5,1.605568445475638,0.4609625668449198
Wofford Terriers,Southern Conference,13-13,0.5,10-4,3-9,L3,26,74.5,27.3,58.0,47.2,7.5,22.7,33.2,12.3,16.5,74.2,9.2,24.2,33.3,12.7,5.7,2.0,11.2,13.7,71.5,13,13,1.0419580419580419,47.099999999999994,97.2,1.5817409766454353,0.48456790123456783
Mercer Bears,Southern Conference,12-15,0.444,6-6,4-8,L2,26,69.8,26.2,57.8,45.3,5.9,17.5,33.8,11.4,16.7,68.4,10.2,24.3,34.4,13.6,5.9,2.1,11.1,17.5,67.8,12,15,1.0294985250737463,43.5,92.0,1.6045977011494252,0.47282608695652173
The Citadel Bulldogs,Southern Conference,9-18,0.33299999999999996,4-8,4-9,L6,26,68.8,24.5,56.5,43.3,7.6,22.7,33.6,12.3,16.2,76.0,7.2,25.3,32.5,12.3,5.3,2.3,12.2,17.1,74.8,9,18,0.9197860962566845,44.400000000000006,95.4,1.5495495495495493,0.46540880503144655
VMI Keydets,Southern Conference,6-21,0.222,5-6,1-13,L3,27,69.5,25.3,59.5,42.5,9.5,26.6,35.7,9.4,12.3,76.8,11.1,24.8,35.9,11.5,5.4,1.1,13.6,15.6,74.9,6,21,0.9279038718291054,44.199999999999996,98.39999999999999,1.572398190045249,0.4491869918699187
Texas A&M-Corpus Christi Islanders,Southland Conference,17-9,0.654,12-1,4-7,W6,25,81.0,28.2,62.2,45.4,8.1,22.4,36.3,16.4,21.1,77.8,12.2,24.9,37.1,15.7,9.2,1.6,13.2,19.6,73.3,17,9,1.1050477489768076,52.699999999999996,105.69999999999999,1.537001897533207,0.49858088930936617
Northwestern State Demons,Southland Conference,18-8,0.6920000000000001,8-2,9-6,W8,25,74.9,27.2,62.5,43.6,9.3,24.9,37.4,11.1,16.1,69.2,12.6,21.2,33.9,13.1,8.6,2.3,11.9,18.7,72.5,18,8,1.033103448275862,47.6,103.5,1.573529411764706,0.4599033816425121
Nicholls Colonels,Southland Conference,13-11,0.542,8-0,4-10,W3,23,75.7,28.6,62.4,45.8,7.7,22.7,34.0,10.8,17.1,63.2,11.3,23.2,34.5,14.3,9.2,3.0,13.5,21.3,72.3,13,11,1.0470262793914247,47.10000000000001,102.19999999999999,1.6072186836518045,0.4608610567514678
SE Louisiana Lions,Southland Conference,14-12,0.5379999999999999,9-4,4-7,L3,25,77.3,27.3,60.6,45.0,8.0,22.0,36.2,14.8,20.0,74.1,10.2,23.9,34.1,13.8,7.5,1.8,12.0,17.2,76.2,14,12,1.0144356955380576,50.099999999999994,102.6,1.5429141716566868,0.4883040935672514
Texas A&M-Commerce Lions,Southland Conference,11-15,0.423,5-2,5-11,L2,25,69.9,25.5,57.6,44.2,8.6,27.6,31.1,10.4,14.9,69.6,9.4,23.6,33.1,14.3,5.9,3.1,12.9,18.7,71.4,11,15,0.9789915966386554,44.5,100.10000000000001,1.5707865168539328,0.4445554445554445
Incarnate Word Cardinals,Southland Conference,11-14,0.44,6-5,3-9,L1,25,70.3,24.9,56.8,43.9,6.0,17.8,33.8,14.4,19.5,74.0,9.4,23.1,32.4,12.2,8.2,2.8,13.8,17.0,72.7,11,14,0.9669876203576341,45.3,94.1,1.5518763796909492,0.4814027630180659
Houston Christian Huskies,Southland Conference,7-18,0.28,6-7,1-10,L5,25,77.9,26.8,58.6,45.8,8.1,22.4,36.2,16.1,22.1,72.9,10.7,23.6,34.4,14.5,5.9,2.7,15.8,18.2,83.9,7,18,0.9284862932061979,51.0,103.1,1.527450980392157,0.49466537342386036
Lamar Cardinals,Southland Conference,8-18,0.308,5-7,2-10,L1,25,67.5,24.6,57.5,42.8,5.5,17.7,31.2,12.8,18.6,68.8,12.5,24.7,37.2,13.1,6.4,3.3,14.4,15.5,74.0,8,18,0.9121621621621622,42.900000000000006,93.80000000000001,1.5734265734265733,0.4573560767590618
New Orleans Privateers,Southland Conference,6-17,0.261,5-8,1-9,L8,23,70.6,25.0,55.0,45.4,6.4,16.7,38.4,14.3,20.6,69.2,9.0,22.3,31.3,14.5,6.5,2.1,18.0,19.0,80.5,6,17,0.8770186335403726,45.7,92.30000000000001,1.5448577680525162,0.495124593716143
McNeese Cowboys,Southland Conference,6-19,0.24,4-7,2-12,W1,25,67.5,25.0,58.4,42.7,8.2,25.1,32.9,9.3,14.9,62.5,11.9,22.3,34.2,11.5,7.9,2.0,14.9,19.5,74.8,6,19,0.9024064171122995,42.5,98.4,1.588235294117647,0.43191056910569103
Alcorn State Braves,Southwestern Athletic Conference,12-11,0.522,6-1,5-9,W3,23,66.9,23.7,59.3,39.9,5.3,18.0,29.2,14.3,19.9,71.6,12.8,21.7,34.5,9.7,7.7,2.3,13.1,19.9,71.8,12,11,0.9317548746518107,43.3,97.19999999999999,1.5450346420323329,0.4454732510288066
Southern Jaguars,Southwestern Athletic Conference,12-12,0.5,7-0,4-11,L2,24,74.3,26.3,59.2,44.4,8.3,23.4,35.3,13.4,18.5,72.4,8.1,23.5,31.6,15.1,8.7,2.5,14.9,20.6,73.0,12,12,1.0178082191780822,48.0,101.1,1.5479166666666666,0.47477744807121663
Grambling Tigers,Southwestern Athletic Conference,15-8,0.652,7-1,7-6,W2,23,69.0,24.5,54.3,45.1,5.6,15.8,35.2,14.4,22.2,64.9,11.2,25.6,36.7,12.7,7.2,4.1,15.4,19.4,64.0,15,8,1.078125,44.5,92.3,1.550561797752809,0.48212351029252437
Jackson State Tigers,Southwestern Athletic Conference,8-17,0.32,5-1,3-14,W2,24,67.3,24.4,60.0,40.7,6.4,21.1,30.4,12.0,18.1,66.2,12.2,22.2,34.4,12.5,7.5,2.4,15.8,18.6,76.9,8,17,0.8751625487646293,42.8,99.19999999999999,1.5724299065420562,0.4314516129032258
Alabama State Hornets,Southwestern Athletic Conference,8-17,0.32,5-2,2-15,W2,24,64.5,22.3,60.2,37.1,5.9,19.0,31.2,14.0,19.0,73.5,12.5,24.3,36.7,10.2,5.8,3.5,13.1,18.1,74.4,8,17,0.8669354838709676,42.2,98.2,1.5284360189573458,0.42973523421588594
Arkansas-Pine Bluff Golden Lions,Southwestern Athletic Conference,10-15,0.4,8-2,2-13,L3,24,66.9,22.8,58.0,39.3,7.8,24.8,31.6,13.4,18.3,73.3,10.3,24.9,35.2,13.2,8.0,3.0,16.1,19.5,69.1,10,15,0.9681620839363243,44.0,101.1,1.5204545454545455,0.4352126607319486
Bethune-Cookman Wildcats,Southwestern Athletic Conference,9-15,0.375,6-2,2-12,L1,24,68.0,24.5,58.4,41.9,6.6,18.3,36.1,12.5,17.7,70.5,9.8,22.9,32.7,11.2,7.7,3.2,13.3,17.1,75.1,9,15,0.9054593874833556,43.6,94.4,1.5596330275229358,0.461864406779661
Alabama A&M Bulldogs,Southwestern Athletic Conference,9-15,0.375,8-7,1-7,L1,24,70.1,25.6,57.8,44.3,7.0,18.8,37.6,11.8,18.0,65.5,9.8,21.7,31.5,13.0,8.5,3.9,14.9,18.5,73.1,9,15,0.9589603283173734,44.400000000000006,94.6,1.5788288288288286,0.4693446088794927
Prairie View A&M Panthers,Southwestern Athletic Conference,9-15,0.375,6-3,3-11,W1,24,67.5,24.3,59.8,40.5,5.2,18.7,27.8,13.8,20.1,68.5,12.0,23.8,35.8,10.3,7.8,3.4,14.0,19.5,68.5,9,15,0.9854014598540146,43.3,98.6,1.558891454965358,0.43914807302231235
Texas Southern Tigers,Southwestern Athletic Conference,8-16,0.33299999999999996,5-6,2-9,W1,24,69.5,25.8,61.0,42.3,4.5,16.8,26.8,13.3,20.7,64.2,12.0,26.3,38.3,11.7,6.8,3.8,15.0,18.3,73.4,8,16,0.9468664850136239,43.6,98.5,1.5940366972477065,0.44263959390862945
Florida A&M Rattlers,Southwestern Athletic Conference,5-18,0.217,4-4,1-14,L2,22,57.2,20.4,53.2,38.3,5.7,18.1,31.7,10.6,16.0,66.7,10.2,21.8,32.0,9.5,6.4,3.2,16.1,19.0,70.4,5,18,0.8125,36.699999999999996,87.30000000000001,1.5585831062670303,0.4203894616265749
Mississippi Valley State Delta Devils,Southwestern Athletic Conference,3-22,0.12,2-3,1-17,L1,25,59.4,20.7,52.6,39.4,4.7,13.7,34.1,13.2,20.1,65.8,10.0,21.1,31.1,9.3,7.8,2.2,15.8,17.8,75.7,3,22,0.784676354029062,38.599999999999994,86.4,1.5388601036269431,0.4467592592592592
Oral Roberts Golden Eagles,Summit League,23-4,0.852,14-0,9-4,W10,26,85.6,31.2,64.1,48.7,11.2,29.5,38.0,12.0,15.8,76.0,9.0,28.4,37.4,15.3,6.7,5.5,9.9,13.5,70.7,23,4,1.2107496463932106,54.4,109.39999999999999,1.5735294117647058,0.49725776965265084
South Dakota State Jackrabbits,Summit League,14-11,0.56,8-1,4-9,W3,25,69.9,25.0,55.8,44.8,7.7,22.1,34.7,12.3,15.5,79.1,6.6,25.4,32.0,10.8,5.2,2.9,12.4,14.2,70.3,14,11,0.9943100995732576,45.0,93.4,1.5533333333333335,0.4817987152034261
North Dakota State Bison,Summit League,11-15,0.423,7-4,4-9,W2,25,73.2,26.6,57.9,45.9,8.0,23.7,33.6,12.1,17.8,68.1,8.5,27.2,35.8,11.6,4.0,2.9,11.6,15.3,73.6,11,15,0.9945652173913044,46.7,99.39999999999999,1.5674518201284797,0.4698189134808854
Kansas City Roos,Summit League,11-15,0.423,6-6,3-8,W1,26,66.4,23.4,57.9,40.4,6.0,20.6,28.9,13.6,19.0,71.5,13.7,23.9,37.5,10.0,6.5,3.8,13.7,18.5,67.2,11,15,0.9880952380952381,43.0,97.5,1.544186046511628,0.441025641025641
Western Illinois Leathernecks,Summit League,15-11,0.5770000000000001,11-4,4-7,L2,25,73.6,26.1,57.2,45.7,6.9,21.5,32.2,14.4,20.4,70.6,9.1,25.4,34.5,13.6,5.8,3.7,11.2,14.2,72.0,15,11,1.0222222222222221,47.4,99.1,1.5527426160337552,0.4783047426841574
St. Thomas - Minnesota Tommies,Summit League,16-11,0.593,10-2,4-8,L1,27,74.9,25.7,56.4,45.5,9.0,24.9,36.2,14.5,18.4,78.8,8.0,22.9,31.0,13.1,5.9,2.3,10.0,17.1,71.1,16,11,1.0534458509142055,49.2,99.69999999999999,1.5223577235772359,0.493480441323972
South Dakota Coyotes,Summit League,11-14,0.44,7-5,2-8,L1,25,68.9,24.1,56.2,42.8,8.6,22.3,38.7,12.1,15.7,76.8,8.7,25.2,34.0,12.1,4.4,1.4,12.2,17.0,73.8,11,14,0.9336043360433606,44.800000000000004,94.2,1.5379464285714286,0.47558386411889597
North Dakota Fighting Hawks,Summit League,10-17,0.37,7-7,3-10,W3,26,70.7,25.7,58.5,43.9,9.1,26.0,35.0,10.3,15.1,67.9,9.3,23.8,33.2,11.9,4.5,2.7,11.8,15.9,73.1,10,17,0.9671682626538989,45.099999999999994,99.6,1.567627494456763,0.45281124497991965
Denver Pioneers,Summit League,13-15,0.46399999999999997,7-4,4-11,L3,27,72.4,25.9,53.4,48.4,4.2,13.3,31.8,16.4,23.2,70.6,9.4,25.7,35.1,11.0,5.3,3.1,14.9,16.7,75.3,13,15,0.9614873837981409,46.5,89.9,1.556989247311828,0.5172413793103448
Omaha Mavericks,Summit League,7-20,0.259,4-6,1-14,L9,26,68.5,25.3,56.3,45.0,5.4,16.2,33.6,12.3,16.0,77.2,8.1,23.7,31.7,12.1,5.6,3.0,12.8,18.0,77.0,7,20,0.8896103896103896,43.0,88.5,1.5930232558139534,0.4858757062146893
Southern Miss Golden Eagles,Sun Belt Conference,23-4,0.852,14-0,7-4,W9,26,75.7,27.7,59.5,46.4,6.9,21.2,32.4,13.5,18.9,71.5,11.8,25.5,37.3,15.1,8.8,2.7,11.5,16.6,64.0,23,4,1.1828125,48.1,99.6,1.5738045738045738,0.4829317269076306
Louisiana Ragin' Cajuns,Sun Belt Conference,20-5,0.8,11-0,7-5,L1,25,79.9,28.8,58.9,48.8,7.4,18.9,39.0,15.0,21.8,68.9,11.4,25.6,37.0,15.3,7.2,3.3,12.4,16.6,70.9,20,5,1.1269393511988717,51.2,99.6,1.560546875,0.5140562248995985
Marshall Thundering Herd,Sun Belt Conference,21-6,0.778,13-2,8-4,W2,26,81.9,31.6,68.0,46.5,8.4,25.1,33.4,10.3,15.6,65.8,13.3,26.7,40.0,18.0,9.2,5.4,11.6,16.3,69.9,21,6,1.1716738197424892,50.3,108.69999999999999,1.6282306163021871,0.4627414903403864
James Madison Dukes,Sun Belt Conference,18-9,0.667,8-2,8-6,W1,26,81.6,28.7,60.8,47.2,8.0,22.7,35.4,16.2,22.8,70.7,11.6,26.0,37.6,13.5,10.0,2.3,13.6,17.5,66.8,18,9,1.2215568862275448,52.900000000000006,106.3,1.5425330812854439,0.497648165569144
Appalachian State Mountaineers,Sun Belt Conference,14-12,0.5379999999999999,9-6,5-5,W1,26,70.9,25.7,58.1,44.2,7.8,23.2,33.4,11.7,17.3,67.6,8.9,27.5,36.4,13.4,6.9,4.6,11.5,13.8,63.5,14,12,1.1165354330708663,45.2,98.6,1.5685840707964602,0.4584178498985802
Troy Trojans,Sun Belt Conference,15-11,0.5770000000000001,9-3,5-7,W2,26,72.2,25.8,58.5,44.1,7.6,23.9,31.9,13.0,18.3,70.6,10.9,23.6,34.5,13.8,8.5,2.7,13.5,17.3,65.5,15,11,1.1022900763358778,46.4,100.7,1.5560344827586208,0.46077457795431975
Old Dominion Monarchs,Sun Belt Conference,15-10,0.6,10-4,4-4,W2,25,67.4,24.0,56.6,42.4,5.3,16.6,31.8,14.1,20.9,67.3,12.0,25.8,37.9,10.5,6.4,4.0,11.1,16.6,66.0,15,10,1.0212121212121212,43.4,94.1,1.5529953917050694,0.46121147715196603
UL Monroe Warhawks,Sun Belt Conference,11-16,0.40700000000000003,7-6,4-8,L3,26,68.5,24.3,58.0,41.9,7.5,20.9,35.7,12.5,17.7,70.3,10.9,24.3,35.2,13.5,7.5,3.5,13.0,15.2,68.5,11,16,1.0,44.3,96.60000000000001,1.5462753950338601,0.4585921325051759
Georgia Southern Eagles,Sun Belt Conference,14-13,0.519,10-4,3-9,W2,26,68.5,25.9,59.0,44.0,6.0,19.9,30.2,10.6,15.5,68.3,10.3,25.5,35.9,10.3,7.0,3.2,11.5,16.8,66.7,14,13,1.0269865067466266,42.5,94.4,1.611764705882353,0.4502118644067796
Texas State Bobcats,Sun Belt Conference,12-14,0.462,4-7,6-6,W1,26,64.5,23.3,54.4,42.9,4.2,14.1,29.8,13.6,19.2,70.8,10.4,22.6,33.0,9.7,6.5,3.4,12.2,18.3,65.7,12,14,0.9817351598173516,41.1,87.7,1.5693430656934306,0.46864310148232613
South Alabama Jaguars,Sun Belt Conference,11-14,0.44,6-4,3-9,L1,25,69.6,27.0,59.4,45.4,7.4,23.0,32.2,8.2,12.1,68.0,7.3,25.7,33.0,11.4,6.1,4.1,10.7,14.7,66.9,11,14,1.0403587443946187,42.599999999999994,94.5,1.6338028169014085,0.45079365079365075
Coastal Carolina Chanticleers,Sun Belt Conference,10-16,0.385,7-7,3-9,L7,25,73.8,26.8,61.4,43.6,7.2,22.9,31.6,13.0,17.2,75.6,11.9,26.2,38.1,12.8,6.1,3.4,12.2,15.9,72.7,10,16,1.015130674002751,47.0,101.5,1.5702127659574467,0.4630541871921182
Georgia State Panthers,Sun Belt Conference,10-16,0.385,10-8,0-8,L3,25,66.2,23.9,57.9,41.3,5.5,18.7,29.5,12.9,18.2,70.9,11.3,24.0,35.3,11.2,5.8,3.8,13.4,17.0,66.4,10,16,0.9969879518072289,42.3,94.8,1.5650118203309695,0.4462025316455696
Arkansas State Red Wolves,Sun Belt Conference,10-17,0.37,9-7,1-10,L2,26,65.2,23.7,55.2,42.9,6.2,17.9,34.4,11.8,17.6,66.8,10.2,23.6,33.8,13.4,6.9,3.3,12.1,16.9,67.3,10,17,0.9687964338781576,41.7,90.69999999999999,1.5635491606714629,0.45975744211686886
Saint Mary's Gaels,West Coast Conference,21-5,0.8079999999999999,14-2,4-1,L1,26,71.7,26.1,57.0,45.8,7.8,21.1,36.8,11.7,16.8,69.2,11.0,25.5,36.5,12.5,7.3,3.5,10.8,16.5,58.5,21,5,1.2256410256410257,45.599999999999994,94.89999999999999,1.5723684210526319,0.4805057955742887
Gonzaga Bulldogs,West Coast Conference,20-5,0.8,11-1,5-2,W1,25,86.2,32.4,62.4,52.0,7.7,20.1,38.2,13.7,19.7,69.4,10.3,26.7,37.0,16.1,7.9,3.1,11.3,17.1,73.7,20,5,1.169606512890095,53.8,102.2,1.6022304832713756,0.5264187866927592
Loyola Marymount Lions,West Coast Conference,17-9,0.654,12-2,3-6,W1,26,75.9,27.2,59.1,46.1,9.4,25.3,37.0,12.0,18.0,66.9,10.3,26.3,36.5,12.3,5.4,3.0,12.9,19.2,71.5,17,9,1.0615384615384615,48.6,102.4,1.5617283950617284,0.474609375
Santa Clara Broncos,West Coast Conference,18-8,0.6920000000000001,12-4,3-3,W2,26,75.7,27.2,61.2,44.4,8.2,22.8,35.9,13.2,18.5,71.5,11.3,27.5,38.8,13.6,6.2,3.6,12.9,15.3,72.7,18,8,1.0412654745529573,48.599999999999994,102.5,1.55761316872428,0.47414634146341456
BYU Cougars,West Coast Conference,16-11,0.593,11-3,2-5,L1,27,75.4,26.9,59.4,45.2,8.2,24.5,33.5,13.4,19.0,70.8,11.0,27.1,38.1,15.0,7.9,4.0,14.9,18.9,69.1,16,11,1.0911722141823446,48.49999999999999,102.9,1.5546391752577322,0.47133138969873656
Pacific Tigers,West Coast Conference,12-14,0.462,5-9,7-5,L2,26,75.7,26.3,59.2,44.4,8.9,23.2,38.5,14.2,19.8,71.7,8.6,23.8,32.5,12.3,5.7,2.6,11.9,19.2,76.7,12,14,0.9869621903520208,49.400000000000006,102.2,1.5323886639676112,0.4833659491193738
Portland Pilots,West Coast Conference,13-14,0.48100000000000004,10-4,2-8,W1,27,77.4,25.3,55.6,45.6,9.3,25.0,37.2,17.4,23.9,72.9,8.3,25.1,33.4,15.5,5.0,2.3,13.1,17.7,77.1,13,14,1.0038910505836578,52.0,104.5,1.4884615384615385,0.49760765550239233
San Francisco Dons,West Coast Conference,15-12,0.556,9-6,4-5,L3,27,75.1,25.9,57.9,44.8,10.0,28.1,35.6,13.3,17.8,74.8,9.3,25.2,34.5,13.0,6.8,2.5,14.2,18.2,71.8,15,12,1.0459610027855153,49.2,103.8,1.526422764227642,0.4739884393063584
San Diego Toreros,West Coast Conference,11-15,0.423,8-7,3-6,L1,26,78.0,27.5,60.5,45.5,7.8,21.7,36.1,15.2,19.8,76.6,10.2,23.2,33.4,13.2,6.8,1.9,11.7,17.3,79.4,11,15,0.9823677581863979,50.5,102.0,1.5445544554455446,0.4950980392156863
Pepperdine Waves,West Coast Conference,9-17,0.34600000000000003,8-6,0-10,W2,26,78.0,29.0,62.6,46.3,8.2,22.7,36.1,11.9,16.9,70.5,9.4,27.1,36.5,15.2,5.8,4.1,14.3,17.6,80.2,9,17,0.9725685785536159,49.1,102.19999999999999,1.5885947046843176,0.4804305283757339
Utah Valley Wolverines,Western Athletic Conference,19-6,0.76,10-1,8-4,W3,25,76.3,27.3,59.7,45.7,6.6,20.2,32.9,15.0,20.5,73.1,10.4,29.6,40.0,15.7,6.8,6.4,13.2,17.8,67.6,19,6,1.1286982248520712,48.9,100.4,1.5603271983640081,0.4870517928286852
Southern Utah Thunderbirds,Western Athletic Conference,17-8,0.68,11-1,4-6,W1,25,84.3,29.3,61.3,47.8,8.2,23.6,34.6,17.5,24.4,71.8,10.8,28.2,39.0,13.4,7.6,3.4,13.7,18.4,73.0,17,8,1.154794520547945,55.0,109.30000000000001,1.5327272727272727,0.5032021957913998
Seattle U Redhawks,Western Athletic Conference,17-8,0.68,10-1,6-5,W1,25,73.6,25.5,62.0,41.1,9.2,28.6,32.2,13.4,18.9,71.0,11.4,26.1,37.5,13.0,6.1,3.2,12.2,18.4,68.5,17,8,1.0744525547445254,48.1,109.5,1.53014553014553,0.4392694063926941
Grand Canyon Lopes,Western Athletic Conference,16-8,0.667,12-2,3-4,W2,24,73.4,25.2,55.8,45.1,8.4,23.6,35.5,14.7,19.9,73.8,10.9,26.0,36.9,12.0,5.0,3.0,12.4,17.7,65.7,16,8,1.117199391171994,48.3,99.30000000000001,1.5196687370600417,0.4864048338368579
Sam Houston Bearkats,Western Athletic Conference,17-6,0.7390000000000001,8-1,7-5,L1,23,75.6,28.0,59.6,47.1,8.8,22.4,39.3,10.7,15.9,67.2,12.3,24.5,36.9,14.2,9.0,2.3,13.4,17.9,59.3,17,6,1.2748735244519394,47.5,97.9,1.591578947368421,0.4851889683350357
Stephen F. Austin Lumberjacks,Western Athletic Conference,15-9,0.625,10-2,4-4,L2,24,76.5,27.4,57.0,48.1,6.5,16.5,39.4,15.1,20.8,72.7,10.5,23.0,33.5,15.5,9.5,2.4,15.5,21.0,67.9,15,9,1.1266568483063328,49.0,94.3,1.5612244897959184,0.5196182396606575
Tarleton Texans,Western Athletic Conference,13-12,0.52,10-1,1-10,L1,25,70.7,24.6,54.3,45.4,4.6,13.6,34.1,16.8,24.7,68.0,9.7,22.2,32.0,12.2,9.2,3.0,12.4,20.4,67.7,13,12,1.0443131462333826,46.0,92.6,1.5369565217391306,0.4967602591792657
Abilene Christian Wildcats,Western Athletic Conference,13-11,0.542,9-2,4-6,W3,24,76.6,28.0,60.0,46.6,7.3,20.2,36.0,13.4,19.0,70.8,10.4,22.3,32.7,16.2,9.3,2.5,13.1,20.6,69.3,13,11,1.1053391053391053,48.699999999999996,99.2,1.5728952772073923,0.49092741935483863
California Baptist Lancers,Western Athletic Conference,13-12,0.52,9-5,4-5,L4,25,67.7,24.1,56.7,42.6,8.1,24.8,32.6,11.4,17.8,64.2,10.7,25.8,36.5,13.3,4.2,3.4,11.6,17.1,65.4,13,12,1.0351681957186545,43.6,99.3,1.5527522935779816,0.43907351460221555
UT Arlington Mavericks,Western Athletic Conference,9-16,0.36,5-7,3-6,W1,25,66.2,23.8,58.0,41.1,6.0,19.0,31.3,12.6,19.5,64.9,13.5,23.3,36.8,13.1,6.4,3.0,13.6,19.0,66.4,9,16,0.9969879518072289,42.4,96.5,1.5613207547169812,0.4393782383419689
Utah Tech Trailblazers,Western Athletic Conference,11-14,0.44,8-3,2-11,L1,25,75.5,25.2,55.3,45.5,8.8,22.8,38.7,16.4,23.8,68.9,10.1,24.4,34.5,13.1,7.0,2.2,15.3,19.4,73.3,11,14,1.0300136425648023,50.4,101.89999999999999,1.498015873015873,0.49460255152109917
UT Rio Grande Valley Vaqueros,Western Athletic Conference,12-13,0.48,9-4,2-9,L1,25,77.4,26.3,56.2,46.8,6.8,19.4,34.9,18.0,25.8,70.0,10.4,27.2,37.6,15.2,4.9,3.5,16.9,19.5,77.4,12,13,1.0,51.1,101.39999999999999,1.5146771037181996,0.5039447731755424
New Mexico State Aggies,Western Athletic Conference,9-15,0.375,6-4,1-9,L1,24,73.7,26.3,59.4,44.2,7.5,22.3,33.9,13.6,20.0,68.1,10.3,25.3,35.5,12.1,7.3,2.3,12.7,18.9,71.7,9,15,1.0278940027894004,47.4,101.7,1.5548523206751055,0.4660766961651917
